分类,视频,类型,点赞,评论,综合评分
社科·法律·心理,【时代少年团】火力全开演唱会 幕后花絮,明星综合,98444,26753,48260.299999999996
社科·法律·心理,神曲翻唱《Take Me Hand》你需要被治愈了！,翻唱,49277,1614,15912.899999999998
社科·法律·心理,一个动画看完美日太平洋战争【剧场版大电影】,人文历史,9846,294,3159.6
社科·法律·心理,童年的回忆，手艺人自制翻花。一分钟翻出十八样花，每一朵花还对应一个成语！,日常,130957,580,39693.1
社科·法律·心理,这才是国服关羽的咆哮，史诗绕后血拓千秋！【高燃集锦48期】,电子竞技,42312,811,13261.300000000001
社科·法律·心理,美国灵魂探测器是真的吗？我在中国科技实验室测试了它…,日常,68590,1926,21925.2
社科·法律·心理,女子便利店购物老板永远为其免单：你一定经历了无法承受的事,社科·法律·心理,55974,1682,17969.600000000002
社科·法律·心理,看咱这新法术多是一件美“逝”！！！！！【⑨斯基】,单机游戏,13495,358,4299.1
社科·法律·心理,一人得道，鸡犬升天......,搞笑,26751,297,8233.199999999999
社科·法律·心理,玩象棋为什么要开挂？这万宁象棋游戏给我破防了！,桌游棋牌,25651,396,7972.499999999999
社科·法律·心理,高加索大叔办了个蟒蛇宴，剥蛇皮方式超硬核，到底烤蛇肉好吃吗？,田园美食,28701,1304,9523.099999999999
社科·法律·心理,大饼画的好男友跑不了,搞笑,38825,1488,12689.1
社科·法律·心理,印度街头蛋糕。非常的卫生也很安全,美食侦探,109005,2438,34408.1
社科·法律·心理,骗赞服里来了一位巨能肝的妹子，扛起了建设圣诞小镇的重任！,单机游戏,17333,418,5492.5
社科·法律·心理,内蒙牧民家可以有多大？占地面积900个足球场！,汽车生活,18892,408,5953.2
社科·法律·心理,来个大佬帮我剪的悲伤一点,电子竞技,81516,1241,25323.5
社科·法律·心理,“18岁还没觉醒替身正常吗”,搞笑,83290,532,25359.4
社科·法律·心理,【汪苏泷的赶路日记】第一期，为大家带来一首《剑魂》！,明星综合,4793,1340,2375.8999999999996
社科·法律·心理,为了活下去，华为在2021年用了哪些续命大法？,数码,26821,3756,10675.5
社科·法律·心理,免费上映！超凡蜘蛛侠3应该是这样拍的！(游戏电影)《漫威/超凡蜘蛛侠3-战导剪辑版》,单机游戏,152583,1658,46935.5
社科·法律·心理,宝藏圣诞歌曲！《Candy Cane Lane》激情翻唱,翻唱,27914,1345,9315.699999999999
社科·法律·心理,爆肝6个月，我自制的浏览器主页迎来今年最大更新！,软件应用,24243,1610,8399.9
社科·法律·心理,【斯斯】圣 诞 快 乐 ｜互 动 视 频,日常,14635,606,4814.7
社科·法律·心理,请 领 取 ！你 的 2021 年 度 总 结 报 告 ！,日常,16711,219,5166.6
社科·法律·心理,国外恋综天花板，女嘉宾化成野兽去相亲，淘汰后现场卸妆颜值惊艳,综艺,16589,1744,6197.5
社科·法律·心理,猪柳蛋：你好，我是睡务局局长，需要在你家旅馆试睡一场,喵星人,41485,650,12900.5
社科·法律·心理,【RR中字】211224 MSSL 道枝骏佑&目黑莲CUT（1080P高清）,明星综合,9483,922,3490.3
社科·法律·心理,兰陵王对线元歌，满血就是斩杀线,电子竞技,48622,1091,15350.300000000001
社科·法律·心理,广东人在平安夜送礼有多严谨？,搞笑,58202,724,17967.399999999998
社科·法律·心理,【超级小桀】好冷静 好聪明的妹妹！,单机游戏,19877,882,6580.499999999999
社科·法律·心理,《 早 八 的 魅 力 》,搞笑,52291,1689,16869.6
社科·法律·心理,大司马上演《奇/葩/id/奇/遇/记》节目效果爆炸！！！！,电子竞技,49691,328,15136.9
社科·法律·心理,肝爆炸！史上最肝空岛第1集-没岩浆没石头怎么生存？我的世界,单机游戏,15802,498,5089.2
社科·法律·心理,假steam究竟有多离谱？up主以身试毒揭开假steam背后的秘密,软件应用,90180,5891,31177.7
社科·法律·心理,美味家常菜碳烤鲨鱼，干净又卫生,美食记录,62793,816,19409.1
社科·法律·心理,【SLOG】你知道沙漠2是什么吗！小卡！,搞笑,27989,1026,9114.9
社科·法律·心理,广州酒家 晚餐 厨子探店¥1235,美食侦探,60607,1749,19406.399999999998
社科·法律·心理,整鱼去骨，你们期待的灌汤黄鱼它来了！,美食制作,9270,321,3005.7
社科·法律·心理,【罗翔】妖精骗婚？法律倒真的没考虑过这个问题……,社科·法律·心理,85673,3259,27983.199999999997
社科·法律·心理,大清亡了，还有人叫溥仪皇帝？军阀下跪、总理磕头、名流觐见【闲木鱼】,人文历史,25382,1292,8519.0
社科·法律·心理,原来汉字还能这么用……,搞笑,34005,524,10568.3
社科·法律·心理,怎么会有这么喜欢狗狗的小猫咪！！,汪星人,34540,436,10667.2
社科·法律·心理,吉卜力作品神还原！耗时6个月，把破旧小屋变梦幻，这个圣诞夜我住进了借物小人阿莉埃蒂的动漫房间！,家居房产,15883,392,5039.299999999999
社科·法律·心理,满级幼崽，强大爆发力，这躲闪速度我都惊呆了,运动综合,119100,1670,36899.0
社科·法律·心理,广州酒家 早茶 厨子探店¥574,美食侦探,42599,1651,13935.399999999998
社科·法律·心理,大伙给评评理也行 崽奥达就是觉得太委屈了,搞笑,48135,872,15050.9
社科·法律·心理,【主播真会玩主机篇】149：配送员杨树使命必达，塔科夫的客户们记得给个好评,单机游戏,26668,425,8297.9
社科·法律·心理,你们要的反击视频来啦！！！,搞笑,35735,425,11018.0
社科·法律·心理,徐老师来巡山347：亚索机智坐车跑路，却被半路拦停！,电子竞技,36157,648,11300.7
社科·法律·心理,LOL教学服务真的靠谱吗??最高竟然要5899!!??,财经商业,30305,1551,10177.2
财经商业,【时代少年团】火力全开演唱会 幕后花絮,明星综合,98444,26753,48260.299999999996
财经商业,神曲翻唱《Take Me Hand》你需要被治愈了！,翻唱,49277,1614,15912.899999999998
财经商业,一个动画看完美日太平洋战争【剧场版大电影】,人文历史,9846,294,3159.6
财经商业,童年的回忆，手艺人自制翻花。一分钟翻出十八样花，每一朵花还对应一个成语！,日常,130957,580,39693.1
财经商业,这才是国服关羽的咆哮，史诗绕后血拓千秋！【高燃集锦48期】,电子竞技,42312,811,13261.300000000001
财经商业,美国灵魂探测器是真的吗？我在中国科技实验室测试了它…,日常,68590,1926,21925.2
财经商业,女子便利店购物老板永远为其免单：你一定经历了无法承受的事,社科·法律·心理,55974,1682,17969.600000000002
财经商业,看咱这新法术多是一件美“逝”！！！！！【⑨斯基】,单机游戏,13495,358,4299.1
财经商业,一人得道，鸡犬升天......,搞笑,26751,297,8233.199999999999
财经商业,玩象棋为什么要开挂？这万宁象棋游戏给我破防了！,桌游棋牌,25651,396,7972.499999999999
财经商业,高加索大叔办了个蟒蛇宴，剥蛇皮方式超硬核，到底烤蛇肉好吃吗？,田园美食,28701,1304,9523.099999999999
财经商业,大饼画的好男友跑不了,搞笑,38825,1488,12689.1
财经商业,印度街头蛋糕。非常的卫生也很安全,美食侦探,109005,2438,34408.1
财经商业,骗赞服里来了一位巨能肝的妹子，扛起了建设圣诞小镇的重任！,单机游戏,17333,418,5492.5
财经商业,内蒙牧民家可以有多大？占地面积900个足球场！,汽车生活,18892,408,5953.2
财经商业,来个大佬帮我剪的悲伤一点,电子竞技,81516,1241,25323.5
财经商业,“18岁还没觉醒替身正常吗”,搞笑,83290,532,25359.4
财经商业,【汪苏泷的赶路日记】第一期，为大家带来一首《剑魂》！,明星综合,4793,1340,2375.8999999999996
财经商业,为了活下去，华为在2021年用了哪些续命大法？,数码,26821,3756,10675.5
财经商业,免费上映！超凡蜘蛛侠3应该是这样拍的！(游戏电影)《漫威/超凡蜘蛛侠3-战导剪辑版》,单机游戏,152583,1658,46935.5
财经商业,宝藏圣诞歌曲！《Candy Cane Lane》激情翻唱,翻唱,27914,1345,9315.699999999999
财经商业,爆肝6个月，我自制的浏览器主页迎来今年最大更新！,软件应用,24243,1610,8399.9
财经商业,【斯斯】圣 诞 快 乐 ｜互 动 视 频,日常,14635,606,4814.7
财经商业,请 领 取 ！你 的 2021 年 度 总 结 报 告 ！,日常,16711,219,5166.6
财经商业,国外恋综天花板，女嘉宾化成野兽去相亲，淘汰后现场卸妆颜值惊艳,综艺,16589,1744,6197.5
财经商业,猪柳蛋：你好，我是睡务局局长，需要在你家旅馆试睡一场,喵星人,41485,650,12900.5
财经商业,【RR中字】211224 MSSL 道枝骏佑&目黑莲CUT（1080P高清）,明星综合,9483,922,3490.3
财经商业,兰陵王对线元歌，满血就是斩杀线,电子竞技,48622,1091,15350.300000000001
财经商业,广东人在平安夜送礼有多严谨？,搞笑,58202,724,17967.399999999998
财经商业,【超级小桀】好冷静 好聪明的妹妹！,单机游戏,19877,882,6580.499999999999
财经商业,《 早 八 的 魅 力 》,搞笑,52291,1689,16869.6
财经商业,大司马上演《奇/葩/id/奇/遇/记》节目效果爆炸！！！！,电子竞技,49691,328,15136.9
财经商业,肝爆炸！史上最肝空岛第1集-没岩浆没石头怎么生存？我的世界,单机游戏,15802,498,5089.2
财经商业,假steam究竟有多离谱？up主以身试毒揭开假steam背后的秘密,软件应用,90180,5891,31177.7
财经商业,美味家常菜碳烤鲨鱼，干净又卫生,美食记录,62793,816,19409.1
财经商业,【SLOG】你知道沙漠2是什么吗！小卡！,搞笑,27989,1026,9114.9
财经商业,广州酒家 晚餐 厨子探店¥1235,美食侦探,60607,1749,19406.399999999998
财经商业,整鱼去骨，你们期待的灌汤黄鱼它来了！,美食制作,9270,321,3005.7
财经商业,【罗翔】妖精骗婚？法律倒真的没考虑过这个问题……,社科·法律·心理,85673,3259,27983.199999999997
财经商业,大清亡了，还有人叫溥仪皇帝？军阀下跪、总理磕头、名流觐见【闲木鱼】,人文历史,25382,1292,8519.0
财经商业,原来汉字还能这么用……,搞笑,34005,524,10568.3
财经商业,怎么会有这么喜欢狗狗的小猫咪！！,汪星人,34540,436,10667.2
财经商业,吉卜力作品神还原！耗时6个月，把破旧小屋变梦幻，这个圣诞夜我住进了借物小人阿莉埃蒂的动漫房间！,家居房产,15883,392,5039.299999999999
财经商业,满级幼崽，强大爆发力，这躲闪速度我都惊呆了,运动综合,119100,1670,36899.0
财经商业,广州酒家 早茶 厨子探店¥574,美食侦探,42599,1651,13935.399999999998
财经商业,大伙给评评理也行 崽奥达就是觉得太委屈了,搞笑,48135,872,15050.9
财经商业,【主播真会玩主机篇】149：配送员杨树使命必达，塔科夫的客户们记得给个好评,单机游戏,26668,425,8297.9
财经商业,你们要的反击视频来啦！！！,搞笑,35735,425,11018.0
财经商业,徐老师来巡山347：亚索机智坐车跑路，却被半路拦停！,电子竞技,36157,648,11300.7
财经商业,LOL教学服务真的靠谱吗??最高竟然要5899!!??,财经商业,30305,1551,10177.2
明星综合,【时代少年团】火力全开演唱会 幕后花絮,明星综合,98444,26753,48260.299999999996
明星综合,神曲翻唱《Take Me Hand》你需要被治愈了！,翻唱,49277,1614,15912.899999999998
明星综合,一个动画看完美日太平洋战争【剧场版大电影】,人文历史,9846,294,3159.6
明星综合,童年的回忆，手艺人自制翻花。一分钟翻出十八样花，每一朵花还对应一个成语！,日常,130957,580,39693.1
明星综合,这才是国服关羽的咆哮，史诗绕后血拓千秋！【高燃集锦48期】,电子竞技,42312,811,13261.300000000001
明星综合,美国灵魂探测器是真的吗？我在中国科技实验室测试了它…,日常,68590,1926,21925.2
明星综合,女子便利店购物老板永远为其免单：你一定经历了无法承受的事,社科·法律·心理,55974,1682,17969.600000000002
明星综合,看咱这新法术多是一件美“逝”！！！！！【⑨斯基】,单机游戏,13495,358,4299.1
明星综合,一人得道，鸡犬升天......,搞笑,26751,297,8233.199999999999
明星综合,玩象棋为什么要开挂？这万宁象棋游戏给我破防了！,桌游棋牌,25651,396,7972.499999999999
明星综合,高加索大叔办了个蟒蛇宴，剥蛇皮方式超硬核，到底烤蛇肉好吃吗？,田园美食,28701,1304,9523.099999999999
明星综合,大饼画的好男友跑不了,搞笑,38825,1488,12689.1
明星综合,印度街头蛋糕。非常的卫生也很安全,美食侦探,109005,2438,34408.1
明星综合,骗赞服里来了一位巨能肝的妹子，扛起了建设圣诞小镇的重任！,单机游戏,17333,418,5492.5
明星综合,内蒙牧民家可以有多大？占地面积900个足球场！,汽车生活,18892,408,5953.2
明星综合,来个大佬帮我剪的悲伤一点,电子竞技,81516,1241,25323.5
明星综合,“18岁还没觉醒替身正常吗”,搞笑,83290,532,25359.4
明星综合,【汪苏泷的赶路日记】第一期，为大家带来一首《剑魂》！,明星综合,4793,1340,2375.8999999999996
明星综合,为了活下去，华为在2021年用了哪些续命大法？,数码,26821,3756,10675.5
明星综合,免费上映！超凡蜘蛛侠3应该是这样拍的！(游戏电影)《漫威/超凡蜘蛛侠3-战导剪辑版》,单机游戏,152583,1658,46935.5
明星综合,宝藏圣诞歌曲！《Candy Cane Lane》激情翻唱,翻唱,27914,1345,9315.699999999999
明星综合,爆肝6个月，我自制的浏览器主页迎来今年最大更新！,软件应用,24243,1610,8399.9
明星综合,【斯斯】圣 诞 快 乐 ｜互 动 视 频,日常,14635,606,4814.7
明星综合,请 领 取 ！你 的 2021 年 度 总 结 报 告 ！,日常,16711,219,5166.6
明星综合,国外恋综天花板，女嘉宾化成野兽去相亲，淘汰后现场卸妆颜值惊艳,综艺,16589,1744,6197.5
明星综合,猪柳蛋：你好，我是睡务局局长，需要在你家旅馆试睡一场,喵星人,41485,650,12900.5
明星综合,【RR中字】211224 MSSL 道枝骏佑&目黑莲CUT（1080P高清）,明星综合,9483,922,3490.3
明星综合,兰陵王对线元歌，满血就是斩杀线,电子竞技,48622,1091,15350.300000000001
明星综合,广东人在平安夜送礼有多严谨？,搞笑,58202,724,17967.399999999998
明星综合,【超级小桀】好冷静 好聪明的妹妹！,单机游戏,19877,882,6580.499999999999
明星综合,《 早 八 的 魅 力 》,搞笑,52291,1689,16869.6
明星综合,大司马上演《奇/葩/id/奇/遇/记》节目效果爆炸！！！！,电子竞技,49691,328,15136.9
明星综合,肝爆炸！史上最肝空岛第1集-没岩浆没石头怎么生存？我的世界,单机游戏,15802,498,5089.2
明星综合,假steam究竟有多离谱？up主以身试毒揭开假steam背后的秘密,软件应用,90180,5891,31177.7
明星综合,美味家常菜碳烤鲨鱼，干净又卫生,美食记录,62793,816,19409.1
明星综合,【SLOG】你知道沙漠2是什么吗！小卡！,搞笑,27989,1026,9114.9
明星综合,广州酒家 晚餐 厨子探店¥1235,美食侦探,60607,1749,19406.399999999998
明星综合,整鱼去骨，你们期待的灌汤黄鱼它来了！,美食制作,9270,321,3005.7
明星综合,【罗翔】妖精骗婚？法律倒真的没考虑过这个问题……,社科·法律·心理,85673,3259,27983.199999999997
明星综合,大清亡了，还有人叫溥仪皇帝？军阀下跪、总理磕头、名流觐见【闲木鱼】,人文历史,25382,1292,8519.0
明星综合,原来汉字还能这么用……,搞笑,34005,524,10568.3
明星综合,怎么会有这么喜欢狗狗的小猫咪！！,汪星人,34540,436,10667.2
明星综合,吉卜力作品神还原！耗时6个月，把破旧小屋变梦幻，这个圣诞夜我住进了借物小人阿莉埃蒂的动漫房间！,家居房产,15883,392,5039.299999999999
明星综合,满级幼崽，强大爆发力，这躲闪速度我都惊呆了,运动综合,119100,1670,36899.0
明星综合,广州酒家 早茶 厨子探店¥574,美食侦探,42599,1651,13935.399999999998
明星综合,大伙给评评理也行 崽奥达就是觉得太委屈了,搞笑,48135,872,15050.9
明星综合,【主播真会玩主机篇】149：配送员杨树使命必达，塔科夫的客户们记得给个好评,单机游戏,26668,425,8297.9
明星综合,你们要的反击视频来啦！！！,搞笑,35735,425,11018.0
明星综合,徐老师来巡山347：亚索机智坐车跑路，却被半路拦停！,电子竞技,36157,648,11300.7
明星综合,LOL教学服务真的靠谱吗??最高竟然要5899!!??,财经商业,30305,1551,10177.2
美食侦探,【时代少年团】火力全开演唱会 幕后花絮,明星综合,98444,26753,48260.299999999996
美食侦探,神曲翻唱《Take Me Hand》你需要被治愈了！,翻唱,49277,1614,15912.899999999998
美食侦探,一个动画看完美日太平洋战争【剧场版大电影】,人文历史,9846,294,3159.6
美食侦探,童年的回忆，手艺人自制翻花。一分钟翻出十八样花，每一朵花还对应一个成语！,日常,130957,580,39693.1
美食侦探,这才是国服关羽的咆哮，史诗绕后血拓千秋！【高燃集锦48期】,电子竞技,42312,811,13261.300000000001
美食侦探,美国灵魂探测器是真的吗？我在中国科技实验室测试了它…,日常,68590,1926,21925.2
美食侦探,女子便利店购物老板永远为其免单：你一定经历了无法承受的事,社科·法律·心理,55974,1682,17969.600000000002
美食侦探,看咱这新法术多是一件美“逝”！！！！！【⑨斯基】,单机游戏,13495,358,4299.1
美食侦探,一人得道，鸡犬升天......,搞笑,26751,297,8233.199999999999
美食侦探,玩象棋为什么要开挂？这万宁象棋游戏给我破防了！,桌游棋牌,25651,396,7972.499999999999
美食侦探,高加索大叔办了个蟒蛇宴，剥蛇皮方式超硬核，到底烤蛇肉好吃吗？,田园美食,28701,1304,9523.099999999999
美食侦探,大饼画的好男友跑不了,搞笑,38825,1488,12689.1
美食侦探,印度街头蛋糕。非常的卫生也很安全,美食侦探,109005,2438,34408.1
美食侦探,骗赞服里来了一位巨能肝的妹子，扛起了建设圣诞小镇的重任！,单机游戏,17333,418,5492.5
美食侦探,内蒙牧民家可以有多大？占地面积900个足球场！,汽车生活,18892,408,5953.2
美食侦探,来个大佬帮我剪的悲伤一点,电子竞技,81516,1241,25323.5
美食侦探,“18岁还没觉醒替身正常吗”,搞笑,83290,532,25359.4
美食侦探,【汪苏泷的赶路日记】第一期，为大家带来一首《剑魂》！,明星综合,4793,1340,2375.8999999999996
美食侦探,为了活下去，华为在2021年用了哪些续命大法？,数码,26821,3756,10675.5
美食侦探,免费上映！超凡蜘蛛侠3应该是这样拍的！(游戏电影)《漫威/超凡蜘蛛侠3-战导剪辑版》,单机游戏,152583,1658,46935.5
美食侦探,宝藏圣诞歌曲！《Candy Cane Lane》激情翻唱,翻唱,27914,1345,9315.699999999999
美食侦探,爆肝6个月，我自制的浏览器主页迎来今年最大更新！,软件应用,24243,1610,8399.9
美食侦探,【斯斯】圣 诞 快 乐 ｜互 动 视 频,日常,14635,606,4814.7
美食侦探,请 领 取 ！你 的 2021 年 度 总 结 报 告 ！,日常,16711,219,5166.6
美食侦探,国外恋综天花板，女嘉宾化成野兽去相亲，淘汰后现场卸妆颜值惊艳,综艺,16589,1744,6197.5
美食侦探,猪柳蛋：你好，我是睡务局局长，需要在你家旅馆试睡一场,喵星人,41485,650,12900.5
美食侦探,【RR中字】211224 MSSL 道枝骏佑&目黑莲CUT（1080P高清）,明星综合,9483,922,3490.3
美食侦探,兰陵王对线元歌，满血就是斩杀线,电子竞技,48622,1091,15350.300000000001
美食侦探,广东人在平安夜送礼有多严谨？,搞笑,58202,724,17967.399999999998
美食侦探,【超级小桀】好冷静 好聪明的妹妹！,单机游戏,19877,882,6580.499999999999
美食侦探,《 早 八 的 魅 力 》,搞笑,52291,1689,16869.6
美食侦探,大司马上演《奇/葩/id/奇/遇/记》节目效果爆炸！！！！,电子竞技,49691,328,15136.9
美食侦探,肝爆炸！史上最肝空岛第1集-没岩浆没石头怎么生存？我的世界,单机游戏,15802,498,5089.2
美食侦探,假steam究竟有多离谱？up主以身试毒揭开假steam背后的秘密,软件应用,90180,5891,31177.7
美食侦探,美味家常菜碳烤鲨鱼，干净又卫生,美食记录,62793,816,19409.1
美食侦探,【SLOG】你知道沙漠2是什么吗！小卡！,搞笑,27989,1026,9114.9
美食侦探,广州酒家 晚餐 厨子探店¥1235,美食侦探,60607,1749,19406.399999999998
美食侦探,整鱼去骨，你们期待的灌汤黄鱼它来了！,美食制作,9270,321,3005.7
美食侦探,【罗翔】妖精骗婚？法律倒真的没考虑过这个问题……,社科·法律·心理,85673,3259,27983.199999999997
美食侦探,大清亡了，还有人叫溥仪皇帝？军阀下跪、总理磕头、名流觐见【闲木鱼】,人文历史,25382,1292,8519.0
美食侦探,原来汉字还能这么用……,搞笑,34005,524,10568.3
美食侦探,怎么会有这么喜欢狗狗的小猫咪！！,汪星人,34540,436,10667.2
美食侦探,吉卜力作品神还原！耗时6个月，把破旧小屋变梦幻，这个圣诞夜我住进了借物小人阿莉埃蒂的动漫房间！,家居房产,15883,392,5039.299999999999
美食侦探,满级幼崽，强大爆发力，这躲闪速度我都惊呆了,运动综合,119100,1670,36899.0
美食侦探,广州酒家 早茶 厨子探店¥574,美食侦探,42599,1651,13935.399999999998
美食侦探,大伙给评评理也行 崽奥达就是觉得太委屈了,搞笑,48135,872,15050.9
美食侦探,【主播真会玩主机篇】149：配送员杨树使命必达，塔科夫的客户们记得给个好评,单机游戏,26668,425,8297.9
美食侦探,你们要的反击视频来啦！！！,搞笑,35735,425,11018.0
美食侦探,徐老师来巡山347：亚索机智坐车跑路，却被半路拦停！,电子竞技,36157,648,11300.7
美食侦探,LOL教学服务真的靠谱吗??最高竟然要5899!!??,财经商业,30305,1551,10177.2
汪星人,【时代少年团】火力全开演唱会 幕后花絮,明星综合,98444,26753,48260.299999999996
汪星人,神曲翻唱《Take Me Hand》你需要被治愈了！,翻唱,49277,1614,15912.899999999998
汪星人,一个动画看完美日太平洋战争【剧场版大电影】,人文历史,9846,294,3159.6
汪星人,童年的回忆，手艺人自制翻花。一分钟翻出十八样花，每一朵花还对应一个成语！,日常,130957,580,39693.1
汪星人,这才是国服关羽的咆哮，史诗绕后血拓千秋！【高燃集锦48期】,电子竞技,42312,811,13261.300000000001
汪星人,美国灵魂探测器是真的吗？我在中国科技实验室测试了它…,日常,68590,1926,21925.2
汪星人,女子便利店购物老板永远为其免单：你一定经历了无法承受的事,社科·法律·心理,55974,1682,17969.600000000002
汪星人,看咱这新法术多是一件美“逝”！！！！！【⑨斯基】,单机游戏,13495,358,4299.1
汪星人,一人得道，鸡犬升天......,搞笑,26751,297,8233.199999999999
汪星人,玩象棋为什么要开挂？这万宁象棋游戏给我破防了！,桌游棋牌,25651,396,7972.499999999999
汪星人,高加索大叔办了个蟒蛇宴，剥蛇皮方式超硬核，到底烤蛇肉好吃吗？,田园美食,28701,1304,9523.099999999999
汪星人,大饼画的好男友跑不了,搞笑,38825,1488,12689.1
汪星人,印度街头蛋糕。非常的卫生也很安全,美食侦探,109005,2438,34408.1
汪星人,骗赞服里来了一位巨能肝的妹子，扛起了建设圣诞小镇的重任！,单机游戏,17333,418,5492.5
汪星人,内蒙牧民家可以有多大？占地面积900个足球场！,汽车生活,18892,408,5953.2
汪星人,来个大佬帮我剪的悲伤一点,电子竞技,81516,1241,25323.5
汪星人,“18岁还没觉醒替身正常吗”,搞笑,83290,532,25359.4
汪星人,【汪苏泷的赶路日记】第一期，为大家带来一首《剑魂》！,明星综合,4793,1340,2375.8999999999996
汪星人,为了活下去，华为在2021年用了哪些续命大法？,数码,26821,3756,10675.5
汪星人,免费上映！超凡蜘蛛侠3应该是这样拍的！(游戏电影)《漫威/超凡蜘蛛侠3-战导剪辑版》,单机游戏,152583,1658,46935.5
汪星人,宝藏圣诞歌曲！《Candy Cane Lane》激情翻唱,翻唱,27914,1345,9315.699999999999
汪星人,爆肝6个月，我自制的浏览器主页迎来今年最大更新！,软件应用,24243,1610,8399.9
汪星人,【斯斯】圣 诞 快 乐 ｜互 动 视 频,日常,14635,606,4814.7
汪星人,请 领 取 ！你 的 2021 年 度 总 结 报 告 ！,日常,16711,219,5166.6
汪星人,国外恋综天花板，女嘉宾化成野兽去相亲，淘汰后现场卸妆颜值惊艳,综艺,16589,1744,6197.5
汪星人,猪柳蛋：你好，我是睡务局局长，需要在你家旅馆试睡一场,喵星人,41485,650,12900.5
汪星人,【RR中字】211224 MSSL 道枝骏佑&目黑莲CUT（1080P高清）,明星综合,9483,922,3490.3
汪星人,兰陵王对线元歌，满血就是斩杀线,电子竞技,48622,1091,15350.300000000001
汪星人,广东人在平安夜送礼有多严谨？,搞笑,58202,724,17967.399999999998
汪星人,【超级小桀】好冷静 好聪明的妹妹！,单机游戏,19877,882,6580.499999999999
汪星人,《 早 八 的 魅 力 》,搞笑,52291,1689,16869.6
汪星人,大司马上演《奇/葩/id/奇/遇/记》节目效果爆炸！！！！,电子竞技,49691,328,15136.9
汪星人,肝爆炸！史上最肝空岛第1集-没岩浆没石头怎么生存？我的世界,单机游戏,15802,498,5089.2
汪星人,假steam究竟有多离谱？up主以身试毒揭开假steam背后的秘密,软件应用,90180,5891,31177.7
汪星人,美味家常菜碳烤鲨鱼，干净又卫生,美食记录,62793,816,19409.1
汪星人,【SLOG】你知道沙漠2是什么吗！小卡！,搞笑,27989,1026,9114.9
汪星人,广州酒家 晚餐 厨子探店¥1235,美食侦探,60607,1749,19406.399999999998
汪星人,整鱼去骨，你们期待的灌汤黄鱼它来了！,美食制作,9270,321,3005.7
汪星人,【罗翔】妖精骗婚？法律倒真的没考虑过这个问题……,社科·法律·心理,85673,3259,27983.199999999997
汪星人,大清亡了，还有人叫溥仪皇帝？军阀下跪、总理磕头、名流觐见【闲木鱼】,人文历史,25382,1292,8519.0
汪星人,原来汉字还能这么用……,搞笑,34005,524,10568.3
汪星人,怎么会有这么喜欢狗狗的小猫咪！！,汪星人,34540,436,10667.2
汪星人,吉卜力作品神还原！耗时6个月，把破旧小屋变梦幻，这个圣诞夜我住进了借物小人阿莉埃蒂的动漫房间！,家居房产,15883,392,5039.299999999999
汪星人,满级幼崽，强大爆发力，这躲闪速度我都惊呆了,运动综合,119100,1670,36899.0
汪星人,广州酒家 早茶 厨子探店¥574,美食侦探,42599,1651,13935.399999999998
汪星人,大伙给评评理也行 崽奥达就是觉得太委屈了,搞笑,48135,872,15050.9
汪星人,【主播真会玩主机篇】149：配送员杨树使命必达，塔科夫的客户们记得给个好评,单机游戏,26668,425,8297.9
汪星人,你们要的反击视频来啦！！！,搞笑,35735,425,11018.0
汪星人,徐老师来巡山347：亚索机智坐车跑路，却被半路拦停！,电子竞技,36157,648,11300.7
汪星人,LOL教学服务真的靠谱吗??最高竟然要5899!!??,财经商业,30305,1551,10177.2
搞笑,【时代少年团】火力全开演唱会 幕后花絮,明星综合,98444,26753,48260.299999999996
搞笑,神曲翻唱《Take Me Hand》你需要被治愈了！,翻唱,49277,1614,15912.899999999998
搞笑,一个动画看完美日太平洋战争【剧场版大电影】,人文历史,9846,294,3159.6
搞笑,童年的回忆，手艺人自制翻花。一分钟翻出十八样花，每一朵花还对应一个成语！,日常,130957,580,39693.1
搞笑,这才是国服关羽的咆哮，史诗绕后血拓千秋！【高燃集锦48期】,电子竞技,42312,811,13261.300000000001
搞笑,美国灵魂探测器是真的吗？我在中国科技实验室测试了它…,日常,68590,1926,21925.2
搞笑,女子便利店购物老板永远为其免单：你一定经历了无法承受的事,社科·法律·心理,55974,1682,17969.600000000002
搞笑,看咱这新法术多是一件美“逝”！！！！！【⑨斯基】,单机游戏,13495,358,4299.1
搞笑,一人得道，鸡犬升天......,搞笑,26751,297,8233.199999999999
搞笑,玩象棋为什么要开挂？这万宁象棋游戏给我破防了！,桌游棋牌,25651,396,7972.499999999999
搞笑,高加索大叔办了个蟒蛇宴，剥蛇皮方式超硬核，到底烤蛇肉好吃吗？,田园美食,28701,1304,9523.099999999999
搞笑,大饼画的好男友跑不了,搞笑,38825,1488,12689.1
搞笑,印度街头蛋糕。非常的卫生也很安全,美食侦探,109005,2438,34408.1
搞笑,骗赞服里来了一位巨能肝的妹子，扛起了建设圣诞小镇的重任！,单机游戏,17333,418,5492.5
搞笑,内蒙牧民家可以有多大？占地面积900个足球场！,汽车生活,18892,408,5953.2
搞笑,来个大佬帮我剪的悲伤一点,电子竞技,81516,1241,25323.5
搞笑,“18岁还没觉醒替身正常吗”,搞笑,83290,532,25359.4
搞笑,【汪苏泷的赶路日记】第一期，为大家带来一首《剑魂》！,明星综合,4793,1340,2375.8999999999996
搞笑,为了活下去，华为在2021年用了哪些续命大法？,数码,26821,3756,10675.5
搞笑,免费上映！超凡蜘蛛侠3应该是这样拍的！(游戏电影)《漫威/超凡蜘蛛侠3-战导剪辑版》,单机游戏,152583,1658,46935.5
搞笑,宝藏圣诞歌曲！《Candy Cane Lane》激情翻唱,翻唱,27914,1345,9315.699999999999
搞笑,爆肝6个月，我自制的浏览器主页迎来今年最大更新！,软件应用,24243,1610,8399.9
搞笑,【斯斯】圣 诞 快 乐 ｜互 动 视 频,日常,14635,606,4814.7
搞笑,请 领 取 ！你 的 2021 年 度 总 结 报 告 ！,日常,16711,219,5166.6
搞笑,国外恋综天花板，女嘉宾化成野兽去相亲，淘汰后现场卸妆颜值惊艳,综艺,16589,1744,6197.5
搞笑,猪柳蛋：你好，我是睡务局局长，需要在你家旅馆试睡一场,喵星人,41485,650,12900.5
搞笑,【RR中字】211224 MSSL 道枝骏佑&目黑莲CUT（1080P高清）,明星综合,9483,922,3490.3
搞笑,兰陵王对线元歌，满血就是斩杀线,电子竞技,48622,1091,15350.300000000001
搞笑,广东人在平安夜送礼有多严谨？,搞笑,58202,724,17967.399999999998
搞笑,【超级小桀】好冷静 好聪明的妹妹！,单机游戏,19877,882,6580.499999999999
搞笑,《 早 八 的 魅 力 》,搞笑,52291,1689,16869.6
搞笑,大司马上演《奇/葩/id/奇/遇/记》节目效果爆炸！！！！,电子竞技,49691,328,15136.9
搞笑,肝爆炸！史上最肝空岛第1集-没岩浆没石头怎么生存？我的世界,单机游戏,15802,498,5089.2
搞笑,假steam究竟有多离谱？up主以身试毒揭开假steam背后的秘密,软件应用,90180,5891,31177.7
搞笑,美味家常菜碳烤鲨鱼，干净又卫生,美食记录,62793,816,19409.1
搞笑,【SLOG】你知道沙漠2是什么吗！小卡！,搞笑,27989,1026,9114.9
搞笑,广州酒家 晚餐 厨子探店¥1235,美食侦探,60607,1749,19406.399999999998
搞笑,整鱼去骨，你们期待的灌汤黄鱼它来了！,美食制作,9270,321,3005.7
搞笑,【罗翔】妖精骗婚？法律倒真的没考虑过这个问题……,社科·法律·心理,85673,3259,27983.199999999997
搞笑,大清亡了，还有人叫溥仪皇帝？军阀下跪、总理磕头、名流觐见【闲木鱼】,人文历史,25382,1292,8519.0
搞笑,原来汉字还能这么用……,搞笑,34005,524,10568.3
搞笑,怎么会有这么喜欢狗狗的小猫咪！！,汪星人,34540,436,10667.2
搞笑,吉卜力作品神还原！耗时6个月，把破旧小屋变梦幻，这个圣诞夜我住进了借物小人阿莉埃蒂的动漫房间！,家居房产,15883,392,5039.299999999999
搞笑,满级幼崽，强大爆发力，这躲闪速度我都惊呆了,运动综合,119100,1670,36899.0
搞笑,广州酒家 早茶 厨子探店¥574,美食侦探,42599,1651,13935.399999999998
搞笑,大伙给评评理也行 崽奥达就是觉得太委屈了,搞笑,48135,872,15050.9
搞笑,【主播真会玩主机篇】149：配送员杨树使命必达，塔科夫的客户们记得给个好评,单机游戏,26668,425,8297.9
搞笑,你们要的反击视频来啦！！！,搞笑,35735,425,11018.0
搞笑,徐老师来巡山347：亚索机智坐车跑路，却被半路拦停！,电子竞技,36157,648,11300.7
搞笑,LOL教学服务真的靠谱吗??最高竟然要5899!!??,财经商业,30305,1551,10177.2
日常,【时代少年团】火力全开演唱会 幕后花絮,明星综合,98444,26753,48260.299999999996
日常,神曲翻唱《Take Me Hand》你需要被治愈了！,翻唱,49277,1614,15912.899999999998
日常,一个动画看完美日太平洋战争【剧场版大电影】,人文历史,9846,294,3159.6
日常,童年的回忆，手艺人自制翻花。一分钟翻出十八样花，每一朵花还对应一个成语！,日常,130957,580,39693.1
日常,这才是国服关羽的咆哮，史诗绕后血拓千秋！【高燃集锦48期】,电子竞技,42312,811,13261.300000000001
日常,美国灵魂探测器是真的吗？我在中国科技实验室测试了它…,日常,68590,1926,21925.2
日常,女子便利店购物老板永远为其免单：你一定经历了无法承受的事,社科·法律·心理,55974,1682,17969.600000000002
日常,看咱这新法术多是一件美“逝”！！！！！【⑨斯基】,单机游戏,13495,358,4299.1
日常,一人得道，鸡犬升天......,搞笑,26751,297,8233.199999999999
日常,玩象棋为什么要开挂？这万宁象棋游戏给我破防了！,桌游棋牌,25651,396,7972.499999999999
日常,高加索大叔办了个蟒蛇宴，剥蛇皮方式超硬核，到底烤蛇肉好吃吗？,田园美食,28701,1304,9523.099999999999
日常,大饼画的好男友跑不了,搞笑,38825,1488,12689.1
日常,印度街头蛋糕。非常的卫生也很安全,美食侦探,109005,2438,34408.1
日常,骗赞服里来了一位巨能肝的妹子，扛起了建设圣诞小镇的重任！,单机游戏,17333,418,5492.5
日常,内蒙牧民家可以有多大？占地面积900个足球场！,汽车生活,18892,408,5953.2
日常,来个大佬帮我剪的悲伤一点,电子竞技,81516,1241,25323.5
日常,“18岁还没觉醒替身正常吗”,搞笑,83290,532,25359.4
日常,【汪苏泷的赶路日记】第一期，为大家带来一首《剑魂》！,明星综合,4793,1340,2375.8999999999996
日常,为了活下去，华为在2021年用了哪些续命大法？,数码,26821,3756,10675.5
日常,免费上映！超凡蜘蛛侠3应该是这样拍的！(游戏电影)《漫威/超凡蜘蛛侠3-战导剪辑版》,单机游戏,152583,1658,46935.5
日常,宝藏圣诞歌曲！《Candy Cane Lane》激情翻唱,翻唱,27914,1345,9315.699999999999
日常,爆肝6个月，我自制的浏览器主页迎来今年最大更新！,软件应用,24243,1610,8399.9
日常,【斯斯】圣 诞 快 乐 ｜互 动 视 频,日常,14635,606,4814.7
日常,请 领 取 ！你 的 2021 年 度 总 结 报 告 ！,日常,16711,219,5166.6
日常,国外恋综天花板，女嘉宾化成野兽去相亲，淘汰后现场卸妆颜值惊艳,综艺,16589,1744,6197.5
日常,猪柳蛋：你好，我是睡务局局长，需要在你家旅馆试睡一场,喵星人,41485,650,12900.5
日常,【RR中字】211224 MSSL 道枝骏佑&目黑莲CUT（1080P高清）,明星综合,9483,922,3490.3
日常,兰陵王对线元歌，满血就是斩杀线,电子竞技,48622,1091,15350.300000000001
日常,广东人在平安夜送礼有多严谨？,搞笑,58202,724,17967.399999999998
日常,【超级小桀】好冷静 好聪明的妹妹！,单机游戏,19877,882,6580.499999999999
日常,《 早 八 的 魅 力 》,搞笑,52291,1689,16869.6
日常,大司马上演《奇/葩/id/奇/遇/记》节目效果爆炸！！！！,电子竞技,49691,328,15136.9
日常,肝爆炸！史上最肝空岛第1集-没岩浆没石头怎么生存？我的世界,单机游戏,15802,498,5089.2
日常,假steam究竟有多离谱？up主以身试毒揭开假steam背后的秘密,软件应用,90180,5891,31177.7
日常,美味家常菜碳烤鲨鱼，干净又卫生,美食记录,62793,816,19409.1
日常,【SLOG】你知道沙漠2是什么吗！小卡！,搞笑,27989,1026,9114.9
日常,广州酒家 晚餐 厨子探店¥1235,美食侦探,60607,1749,19406.399999999998
日常,整鱼去骨，你们期待的灌汤黄鱼它来了！,美食制作,9270,321,3005.7
日常,【罗翔】妖精骗婚？法律倒真的没考虑过这个问题……,社科·法律·心理,85673,3259,27983.199999999997
日常,大清亡了，还有人叫溥仪皇帝？军阀下跪、总理磕头、名流觐见【闲木鱼】,人文历史,25382,1292,8519.0
日常,原来汉字还能这么用……,搞笑,34005,524,10568.3
日常,怎么会有这么喜欢狗狗的小猫咪！！,汪星人,34540,436,10667.2
日常,吉卜力作品神还原！耗时6个月，把破旧小屋变梦幻，这个圣诞夜我住进了借物小人阿莉埃蒂的动漫房间！,家居房产,15883,392,5039.299999999999
日常,满级幼崽，强大爆发力，这躲闪速度我都惊呆了,运动综合,119100,1670,36899.0
日常,广州酒家 早茶 厨子探店¥574,美食侦探,42599,1651,13935.399999999998
日常,大伙给评评理也行 崽奥达就是觉得太委屈了,搞笑,48135,872,15050.9
日常,【主播真会玩主机篇】149：配送员杨树使命必达，塔科夫的客户们记得给个好评,单机游戏,26668,425,8297.9
日常,你们要的反击视频来啦！！！,搞笑,35735,425,11018.0
日常,徐老师来巡山347：亚索机智坐车跑路，却被半路拦停！,电子竞技,36157,648,11300.7
日常,LOL教学服务真的靠谱吗??最高竟然要5899!!??,财经商业,30305,1551,10177.2
美食记录,【时代少年团】火力全开演唱会 幕后花絮,明星综合,98444,26753,48260.299999999996
美食记录,神曲翻唱《Take Me Hand》你需要被治愈了！,翻唱,49277,1614,15912.899999999998
美食记录,一个动画看完美日太平洋战争【剧场版大电影】,人文历史,9846,294,3159.6
美食记录,童年的回忆，手艺人自制翻花。一分钟翻出十八样花，每一朵花还对应一个成语！,日常,130957,580,39693.1
美食记录,这才是国服关羽的咆哮，史诗绕后血拓千秋！【高燃集锦48期】,电子竞技,42312,811,13261.300000000001
美食记录,美国灵魂探测器是真的吗？我在中国科技实验室测试了它…,日常,68590,1926,21925.2
美食记录,女子便利店购物老板永远为其免单：你一定经历了无法承受的事,社科·法律·心理,55974,1682,17969.600000000002
美食记录,看咱这新法术多是一件美“逝”！！！！！【⑨斯基】,单机游戏,13495,358,4299.1
美食记录,一人得道，鸡犬升天......,搞笑,26751,297,8233.199999999999
美食记录,玩象棋为什么要开挂？这万宁象棋游戏给我破防了！,桌游棋牌,25651,396,7972.499999999999
美食记录,高加索大叔办了个蟒蛇宴，剥蛇皮方式超硬核，到底烤蛇肉好吃吗？,田园美食,28701,1304,9523.099999999999
美食记录,大饼画的好男友跑不了,搞笑,38825,1488,12689.1
美食记录,印度街头蛋糕。非常的卫生也很安全,美食侦探,109005,2438,34408.1
美食记录,骗赞服里来了一位巨能肝的妹子，扛起了建设圣诞小镇的重任！,单机游戏,17333,418,5492.5
美食记录,内蒙牧民家可以有多大？占地面积900个足球场！,汽车生活,18892,408,5953.2
美食记录,来个大佬帮我剪的悲伤一点,电子竞技,81516,1241,25323.5
美食记录,“18岁还没觉醒替身正常吗”,搞笑,83290,532,25359.4
美食记录,【汪苏泷的赶路日记】第一期，为大家带来一首《剑魂》！,明星综合,4793,1340,2375.8999999999996
美食记录,为了活下去，华为在2021年用了哪些续命大法？,数码,26821,3756,10675.5
美食记录,免费上映！超凡蜘蛛侠3应该是这样拍的！(游戏电影)《漫威/超凡蜘蛛侠3-战导剪辑版》,单机游戏,152583,1658,46935.5
美食记录,宝藏圣诞歌曲！《Candy Cane Lane》激情翻唱,翻唱,27914,1345,9315.699999999999
美食记录,爆肝6个月，我自制的浏览器主页迎来今年最大更新！,软件应用,24243,1610,8399.9
美食记录,【斯斯】圣 诞 快 乐 ｜互 动 视 频,日常,14635,606,4814.7
美食记录,请 领 取 ！你 的 2021 年 度 总 结 报 告 ！,日常,16711,219,5166.6
美食记录,国外恋综天花板，女嘉宾化成野兽去相亲，淘汰后现场卸妆颜值惊艳,综艺,16589,1744,6197.5
美食记录,猪柳蛋：你好，我是睡务局局长，需要在你家旅馆试睡一场,喵星人,41485,650,12900.5
美食记录,【RR中字】211224 MSSL 道枝骏佑&目黑莲CUT（1080P高清）,明星综合,9483,922,3490.3
美食记录,兰陵王对线元歌，满血就是斩杀线,电子竞技,48622,1091,15350.300000000001
美食记录,广东人在平安夜送礼有多严谨？,搞笑,58202,724,17967.399999999998
美食记录,【超级小桀】好冷静 好聪明的妹妹！,单机游戏,19877,882,6580.499999999999
美食记录,《 早 八 的 魅 力 》,搞笑,52291,1689,16869.6
美食记录,大司马上演《奇/葩/id/奇/遇/记》节目效果爆炸！！！！,电子竞技,49691,328,15136.9
美食记录,肝爆炸！史上最肝空岛第1集-没岩浆没石头怎么生存？我的世界,单机游戏,15802,498,5089.2
美食记录,假steam究竟有多离谱？up主以身试毒揭开假steam背后的秘密,软件应用,90180,5891,31177.7
美食记录,美味家常菜碳烤鲨鱼，干净又卫生,美食记录,62793,816,19409.1
美食记录,【SLOG】你知道沙漠2是什么吗！小卡！,搞笑,27989,1026,9114.9
美食记录,广州酒家 晚餐 厨子探店¥1235,美食侦探,60607,1749,19406.399999999998
美食记录,整鱼去骨，你们期待的灌汤黄鱼它来了！,美食制作,9270,321,3005.7
美食记录,【罗翔】妖精骗婚？法律倒真的没考虑过这个问题……,社科·法律·心理,85673,3259,27983.199999999997
美食记录,大清亡了，还有人叫溥仪皇帝？军阀下跪、总理磕头、名流觐见【闲木鱼】,人文历史,25382,1292,8519.0
美食记录,原来汉字还能这么用……,搞笑,34005,524,10568.3
美食记录,怎么会有这么喜欢狗狗的小猫咪！！,汪星人,34540,436,10667.2
美食记录,吉卜力作品神还原！耗时6个月，把破旧小屋变梦幻，这个圣诞夜我住进了借物小人阿莉埃蒂的动漫房间！,家居房产,15883,392,5039.299999999999
美食记录,满级幼崽，强大爆发力，这躲闪速度我都惊呆了,运动综合,119100,1670,36899.0
美食记录,广州酒家 早茶 厨子探店¥574,美食侦探,42599,1651,13935.399999999998
美食记录,大伙给评评理也行 崽奥达就是觉得太委屈了,搞笑,48135,872,15050.9
美食记录,【主播真会玩主机篇】149：配送员杨树使命必达，塔科夫的客户们记得给个好评,单机游戏,26668,425,8297.9
美食记录,你们要的反击视频来啦！！！,搞笑,35735,425,11018.0
美食记录,徐老师来巡山347：亚索机智坐车跑路，却被半路拦停！,电子竞技,36157,648,11300.7
美食记录,LOL教学服务真的靠谱吗??最高竟然要5899!!??,财经商业,30305,1551,10177.2
运动综合,【时代少年团】火力全开演唱会 幕后花絮,明星综合,98444,26753,48260.299999999996
运动综合,神曲翻唱《Take Me Hand》你需要被治愈了！,翻唱,49277,1614,15912.899999999998
运动综合,一个动画看完美日太平洋战争【剧场版大电影】,人文历史,9846,294,3159.6
运动综合,童年的回忆，手艺人自制翻花。一分钟翻出十八样花，每一朵花还对应一个成语！,日常,130957,580,39693.1
运动综合,这才是国服关羽的咆哮，史诗绕后血拓千秋！【高燃集锦48期】,电子竞技,42312,811,13261.300000000001
运动综合,美国灵魂探测器是真的吗？我在中国科技实验室测试了它…,日常,68590,1926,21925.2
运动综合,女子便利店购物老板永远为其免单：你一定经历了无法承受的事,社科·法律·心理,55974,1682,17969.600000000002
运动综合,看咱这新法术多是一件美“逝”！！！！！【⑨斯基】,单机游戏,13495,358,4299.1
运动综合,一人得道，鸡犬升天......,搞笑,26751,297,8233.199999999999
运动综合,玩象棋为什么要开挂？这万宁象棋游戏给我破防了！,桌游棋牌,25651,396,7972.499999999999
运动综合,高加索大叔办了个蟒蛇宴，剥蛇皮方式超硬核，到底烤蛇肉好吃吗？,田园美食,28701,1304,9523.099999999999
运动综合,大饼画的好男友跑不了,搞笑,38825,1488,12689.1
运动综合,印度街头蛋糕。非常的卫生也很安全,美食侦探,109005,2438,34408.1
运动综合,骗赞服里来了一位巨能肝的妹子，扛起了建设圣诞小镇的重任！,单机游戏,17333,418,5492.5
运动综合,内蒙牧民家可以有多大？占地面积900个足球场！,汽车生活,18892,408,5953.2
运动综合,来个大佬帮我剪的悲伤一点,电子竞技,81516,1241,25323.5
运动综合,“18岁还没觉醒替身正常吗”,搞笑,83290,532,25359.4
运动综合,【汪苏泷的赶路日记】第一期，为大家带来一首《剑魂》！,明星综合,4793,1340,2375.8999999999996
运动综合,为了活下去，华为在2021年用了哪些续命大法？,数码,26821,3756,10675.5
运动综合,免费上映！超凡蜘蛛侠3应该是这样拍的！(游戏电影)《漫威/超凡蜘蛛侠3-战导剪辑版》,单机游戏,152583,1658,46935.5
运动综合,宝藏圣诞歌曲！《Candy Cane Lane》激情翻唱,翻唱,27914,1345,9315.699999999999
运动综合,爆肝6个月，我自制的浏览器主页迎来今年最大更新！,软件应用,24243,1610,8399.9
运动综合,【斯斯】圣 诞 快 乐 ｜互 动 视 频,日常,14635,606,4814.7
运动综合,请 领 取 ！你 的 2021 年 度 总 结 报 告 ！,日常,16711,219,5166.6
运动综合,国外恋综天花板，女嘉宾化成野兽去相亲，淘汰后现场卸妆颜值惊艳,综艺,16589,1744,6197.5
运动综合,猪柳蛋：你好，我是睡务局局长，需要在你家旅馆试睡一场,喵星人,41485,650,12900.5
运动综合,【RR中字】211224 MSSL 道枝骏佑&目黑莲CUT（1080P高清）,明星综合,9483,922,3490.3
运动综合,兰陵王对线元歌，满血就是斩杀线,电子竞技,48622,1091,15350.300000000001
运动综合,广东人在平安夜送礼有多严谨？,搞笑,58202,724,17967.399999999998
运动综合,【超级小桀】好冷静 好聪明的妹妹！,单机游戏,19877,882,6580.499999999999
运动综合,《 早 八 的 魅 力 》,搞笑,52291,1689,16869.6
运动综合,大司马上演《奇/葩/id/奇/遇/记》节目效果爆炸！！！！,电子竞技,49691,328,15136.9
运动综合,肝爆炸！史上最肝空岛第1集-没岩浆没石头怎么生存？我的世界,单机游戏,15802,498,5089.2
运动综合,假steam究竟有多离谱？up主以身试毒揭开假steam背后的秘密,软件应用,90180,5891,31177.7
运动综合,美味家常菜碳烤鲨鱼，干净又卫生,美食记录,62793,816,19409.1
运动综合,【SLOG】你知道沙漠2是什么吗！小卡！,搞笑,27989,1026,9114.9
运动综合,广州酒家 晚餐 厨子探店¥1235,美食侦探,60607,1749,19406.399999999998
运动综合,整鱼去骨，你们期待的灌汤黄鱼它来了！,美食制作,9270,321,3005.7
运动综合,【罗翔】妖精骗婚？法律倒真的没考虑过这个问题……,社科·法律·心理,85673,3259,27983.199999999997
运动综合,大清亡了，还有人叫溥仪皇帝？军阀下跪、总理磕头、名流觐见【闲木鱼】,人文历史,25382,1292,8519.0
运动综合,原来汉字还能这么用……,搞笑,34005,524,10568.3
运动综合,怎么会有这么喜欢狗狗的小猫咪！！,汪星人,34540,436,10667.2
运动综合,吉卜力作品神还原！耗时6个月，把破旧小屋变梦幻，这个圣诞夜我住进了借物小人阿莉埃蒂的动漫房间！,家居房产,15883,392,5039.299999999999
运动综合,满级幼崽，强大爆发力，这躲闪速度我都惊呆了,运动综合,119100,1670,36899.0
运动综合,广州酒家 早茶 厨子探店¥574,美食侦探,42599,1651,13935.399999999998
运动综合,大伙给评评理也行 崽奥达就是觉得太委屈了,搞笑,48135,872,15050.9
运动综合,【主播真会玩主机篇】149：配送员杨树使命必达，塔科夫的客户们记得给个好评,单机游戏,26668,425,8297.9
运动综合,你们要的反击视频来啦！！！,搞笑,35735,425,11018.0
运动综合,徐老师来巡山347：亚索机智坐车跑路，却被半路拦停！,电子竞技,36157,648,11300.7
运动综合,LOL教学服务真的靠谱吗??最高竟然要5899!!??,财经商业,30305,1551,10177.2
电子竞技,【时代少年团】火力全开演唱会 幕后花絮,明星综合,98444,26753,48260.299999999996
电子竞技,神曲翻唱《Take Me Hand》你需要被治愈了！,翻唱,49277,1614,15912.899999999998
电子竞技,一个动画看完美日太平洋战争【剧场版大电影】,人文历史,9846,294,3159.6
电子竞技,童年的回忆，手艺人自制翻花。一分钟翻出十八样花，每一朵花还对应一个成语！,日常,130957,580,39693.1
电子竞技,这才是国服关羽的咆哮，史诗绕后血拓千秋！【高燃集锦48期】,电子竞技,42312,811,13261.300000000001
电子竞技,美国灵魂探测器是真的吗？我在中国科技实验室测试了它…,日常,68590,1926,21925.2
电子竞技,女子便利店购物老板永远为其免单：你一定经历了无法承受的事,社科·法律·心理,55974,1682,17969.600000000002
电子竞技,看咱这新法术多是一件美“逝”！！！！！【⑨斯基】,单机游戏,13495,358,4299.1
电子竞技,一人得道，鸡犬升天......,搞笑,26751,297,8233.199999999999
电子竞技,玩象棋为什么要开挂？这万宁象棋游戏给我破防了！,桌游棋牌,25651,396,7972.499999999999
电子竞技,高加索大叔办了个蟒蛇宴，剥蛇皮方式超硬核，到底烤蛇肉好吃吗？,田园美食,28701,1304,9523.099999999999
电子竞技,大饼画的好男友跑不了,搞笑,38825,1488,12689.1
电子竞技,印度街头蛋糕。非常的卫生也很安全,美食侦探,109005,2438,34408.1
电子竞技,骗赞服里来了一位巨能肝的妹子，扛起了建设圣诞小镇的重任！,单机游戏,17333,418,5492.5
电子竞技,内蒙牧民家可以有多大？占地面积900个足球场！,汽车生活,18892,408,5953.2
电子竞技,来个大佬帮我剪的悲伤一点,电子竞技,81516,1241,25323.5
电子竞技,“18岁还没觉醒替身正常吗”,搞笑,83290,532,25359.4
电子竞技,【汪苏泷的赶路日记】第一期，为大家带来一首《剑魂》！,明星综合,4793,1340,2375.8999999999996
电子竞技,为了活下去，华为在2021年用了哪些续命大法？,数码,26821,3756,10675.5
电子竞技,免费上映！超凡蜘蛛侠3应该是这样拍的！(游戏电影)《漫威/超凡蜘蛛侠3-战导剪辑版》,单机游戏,152583,1658,46935.5
电子竞技,宝藏圣诞歌曲！《Candy Cane Lane》激情翻唱,翻唱,27914,1345,9315.699999999999
电子竞技,爆肝6个月，我自制的浏览器主页迎来今年最大更新！,软件应用,24243,1610,8399.9
电子竞技,【斯斯】圣 诞 快 乐 ｜互 动 视 频,日常,14635,606,4814.7
电子竞技,请 领 取 ！你 的 2021 年 度 总 结 报 告 ！,日常,16711,219,5166.6
电子竞技,国外恋综天花板，女嘉宾化成野兽去相亲，淘汰后现场卸妆颜值惊艳,综艺,16589,1744,6197.5
电子竞技,猪柳蛋：你好，我是睡务局局长，需要在你家旅馆试睡一场,喵星人,41485,650,12900.5
电子竞技,【RR中字】211224 MSSL 道枝骏佑&目黑莲CUT（1080P高清）,明星综合,9483,922,3490.3
电子竞技,兰陵王对线元歌，满血就是斩杀线,电子竞技,48622,1091,15350.300000000001
电子竞技,广东人在平安夜送礼有多严谨？,搞笑,58202,724,17967.399999999998
电子竞技,【超级小桀】好冷静 好聪明的妹妹！,单机游戏,19877,882,6580.499999999999
电子竞技,《 早 八 的 魅 力 》,搞笑,52291,1689,16869.6
电子竞技,大司马上演《奇/葩/id/奇/遇/记》节目效果爆炸！！！！,电子竞技,49691,328,15136.9
电子竞技,肝爆炸！史上最肝空岛第1集-没岩浆没石头怎么生存？我的世界,单机游戏,15802,498,5089.2
电子竞技,假steam究竟有多离谱？up主以身试毒揭开假steam背后的秘密,软件应用,90180,5891,31177.7
电子竞技,美味家常菜碳烤鲨鱼，干净又卫生,美食记录,62793,816,19409.1
电子竞技,【SLOG】你知道沙漠2是什么吗！小卡！,搞笑,27989,1026,9114.9
电子竞技,广州酒家 晚餐 厨子探店¥1235,美食侦探,60607,1749,19406.399999999998
电子竞技,整鱼去骨，你们期待的灌汤黄鱼它来了！,美食制作,9270,321,3005.7
电子竞技,【罗翔】妖精骗婚？法律倒真的没考虑过这个问题……,社科·法律·心理,85673,3259,27983.199999999997
电子竞技,大清亡了，还有人叫溥仪皇帝？军阀下跪、总理磕头、名流觐见【闲木鱼】,人文历史,25382,1292,8519.0
电子竞技,原来汉字还能这么用……,搞笑,34005,524,10568.3
电子竞技,怎么会有这么喜欢狗狗的小猫咪！！,汪星人,34540,436,10667.2
电子竞技,吉卜力作品神还原！耗时6个月，把破旧小屋变梦幻，这个圣诞夜我住进了借物小人阿莉埃蒂的动漫房间！,家居房产,15883,392,5039.299999999999
电子竞技,满级幼崽，强大爆发力，这躲闪速度我都惊呆了,运动综合,119100,1670,36899.0
电子竞技,广州酒家 早茶 厨子探店¥574,美食侦探,42599,1651,13935.399999999998
电子竞技,大伙给评评理也行 崽奥达就是觉得太委屈了,搞笑,48135,872,15050.9
电子竞技,【主播真会玩主机篇】149：配送员杨树使命必达，塔科夫的客户们记得给个好评,单机游戏,26668,425,8297.9
电子竞技,你们要的反击视频来啦！！！,搞笑,35735,425,11018.0
电子竞技,徐老师来巡山347：亚索机智坐车跑路，却被半路拦停！,电子竞技,36157,648,11300.7
电子竞技,LOL教学服务真的靠谱吗??最高竟然要5899!!??,财经商业,30305,1551,10177.2
翻唱,【时代少年团】火力全开演唱会 幕后花絮,明星综合,98444,26753,48260.299999999996
翻唱,神曲翻唱《Take Me Hand》你需要被治愈了！,翻唱,49277,1614,15912.899999999998
翻唱,一个动画看完美日太平洋战争【剧场版大电影】,人文历史,9846,294,3159.6
翻唱,童年的回忆，手艺人自制翻花。一分钟翻出十八样花，每一朵花还对应一个成语！,日常,130957,580,39693.1
翻唱,这才是国服关羽的咆哮，史诗绕后血拓千秋！【高燃集锦48期】,电子竞技,42312,811,13261.300000000001
翻唱,美国灵魂探测器是真的吗？我在中国科技实验室测试了它…,日常,68590,1926,21925.2
翻唱,女子便利店购物老板永远为其免单：你一定经历了无法承受的事,社科·法律·心理,55974,1682,17969.600000000002
翻唱,看咱这新法术多是一件美“逝”！！！！！【⑨斯基】,单机游戏,13495,358,4299.1
翻唱,一人得道，鸡犬升天......,搞笑,26751,297,8233.199999999999
翻唱,玩象棋为什么要开挂？这万宁象棋游戏给我破防了！,桌游棋牌,25651,396,7972.499999999999
翻唱,高加索大叔办了个蟒蛇宴，剥蛇皮方式超硬核，到底烤蛇肉好吃吗？,田园美食,28701,1304,9523.099999999999
翻唱,大饼画的好男友跑不了,搞笑,38825,1488,12689.1
翻唱,印度街头蛋糕。非常的卫生也很安全,美食侦探,109005,2438,34408.1
翻唱,骗赞服里来了一位巨能肝的妹子，扛起了建设圣诞小镇的重任！,单机游戏,17333,418,5492.5
翻唱,内蒙牧民家可以有多大？占地面积900个足球场！,汽车生活,18892,408,5953.2
翻唱,来个大佬帮我剪的悲伤一点,电子竞技,81516,1241,25323.5
翻唱,“18岁还没觉醒替身正常吗”,搞笑,83290,532,25359.4
翻唱,【汪苏泷的赶路日记】第一期，为大家带来一首《剑魂》！,明星综合,4793,1340,2375.8999999999996
翻唱,为了活下去，华为在2021年用了哪些续命大法？,数码,26821,3756,10675.5
翻唱,免费上映！超凡蜘蛛侠3应该是这样拍的！(游戏电影)《漫威/超凡蜘蛛侠3-战导剪辑版》,单机游戏,152583,1658,46935.5
翻唱,宝藏圣诞歌曲！《Candy Cane Lane》激情翻唱,翻唱,27914,1345,9315.699999999999
翻唱,爆肝6个月，我自制的浏览器主页迎来今年最大更新！,软件应用,24243,1610,8399.9
翻唱,【斯斯】圣 诞 快 乐 ｜互 动 视 频,日常,14635,606,4814.7
翻唱,请 领 取 ！你 的 2021 年 度 总 结 报 告 ！,日常,16711,219,5166.6
翻唱,国外恋综天花板，女嘉宾化成野兽去相亲，淘汰后现场卸妆颜值惊艳,综艺,16589,1744,6197.5
翻唱,猪柳蛋：你好，我是睡务局局长，需要在你家旅馆试睡一场,喵星人,41485,650,12900.5
翻唱,【RR中字】211224 MSSL 道枝骏佑&目黑莲CUT（1080P高清）,明星综合,9483,922,3490.3
翻唱,兰陵王对线元歌，满血就是斩杀线,电子竞技,48622,1091,15350.300000000001
翻唱,广东人在平安夜送礼有多严谨？,搞笑,58202,724,17967.399999999998
翻唱,【超级小桀】好冷静 好聪明的妹妹！,单机游戏,19877,882,6580.499999999999
翻唱,《 早 八 的 魅 力 》,搞笑,52291,1689,16869.6
翻唱,大司马上演《奇/葩/id/奇/遇/记》节目效果爆炸！！！！,电子竞技,49691,328,15136.9
翻唱,肝爆炸！史上最肝空岛第1集-没岩浆没石头怎么生存？我的世界,单机游戏,15802,498,5089.2
翻唱,假steam究竟有多离谱？up主以身试毒揭开假steam背后的秘密,软件应用,90180,5891,31177.7
翻唱,美味家常菜碳烤鲨鱼，干净又卫生,美食记录,62793,816,19409.1
翻唱,【SLOG】你知道沙漠2是什么吗！小卡！,搞笑,27989,1026,9114.9
翻唱,广州酒家 晚餐 厨子探店¥1235,美食侦探,60607,1749,19406.399999999998
翻唱,整鱼去骨，你们期待的灌汤黄鱼它来了！,美食制作,9270,321,3005.7
翻唱,【罗翔】妖精骗婚？法律倒真的没考虑过这个问题……,社科·法律·心理,85673,3259,27983.199999999997
翻唱,大清亡了，还有人叫溥仪皇帝？军阀下跪、总理磕头、名流觐见【闲木鱼】,人文历史,25382,1292,8519.0
翻唱,原来汉字还能这么用……,搞笑,34005,524,10568.3
翻唱,怎么会有这么喜欢狗狗的小猫咪！！,汪星人,34540,436,10667.2
翻唱,吉卜力作品神还原！耗时6个月，把破旧小屋变梦幻，这个圣诞夜我住进了借物小人阿莉埃蒂的动漫房间！,家居房产,15883,392,5039.299999999999
翻唱,满级幼崽，强大爆发力，这躲闪速度我都惊呆了,运动综合,119100,1670,36899.0
翻唱,广州酒家 早茶 厨子探店¥574,美食侦探,42599,1651,13935.399999999998
翻唱,大伙给评评理也行 崽奥达就是觉得太委屈了,搞笑,48135,872,15050.9
翻唱,【主播真会玩主机篇】149：配送员杨树使命必达，塔科夫的客户们记得给个好评,单机游戏,26668,425,8297.9
翻唱,你们要的反击视频来啦！！！,搞笑,35735,425,11018.0
翻唱,徐老师来巡山347：亚索机智坐车跑路，却被半路拦停！,电子竞技,36157,648,11300.7
翻唱,LOL教学服务真的靠谱吗??最高竟然要5899!!??,财经商业,30305,1551,10177.2
汽车生活,【时代少年团】火力全开演唱会 幕后花絮,明星综合,98444,26753,48260.299999999996
汽车生活,神曲翻唱《Take Me Hand》你需要被治愈了！,翻唱,49277,1614,15912.899999999998
汽车生活,一个动画看完美日太平洋战争【剧场版大电影】,人文历史,9846,294,3159.6
汽车生活,童年的回忆，手艺人自制翻花。一分钟翻出十八样花，每一朵花还对应一个成语！,日常,130957,580,39693.1
汽车生活,这才是国服关羽的咆哮，史诗绕后血拓千秋！【高燃集锦48期】,电子竞技,42312,811,13261.300000000001
汽车生活,美国灵魂探测器是真的吗？我在中国科技实验室测试了它…,日常,68590,1926,21925.2
汽车生活,女子便利店购物老板永远为其免单：你一定经历了无法承受的事,社科·法律·心理,55974,1682,17969.600000000002
汽车生活,看咱这新法术多是一件美“逝”！！！！！【⑨斯基】,单机游戏,13495,358,4299.1
汽车生活,一人得道，鸡犬升天......,搞笑,26751,297,8233.199999999999
汽车生活,玩象棋为什么要开挂？这万宁象棋游戏给我破防了！,桌游棋牌,25651,396,7972.499999999999
汽车生活,高加索大叔办了个蟒蛇宴，剥蛇皮方式超硬核，到底烤蛇肉好吃吗？,田园美食,28701,1304,9523.099999999999
汽车生活,大饼画的好男友跑不了,搞笑,38825,1488,12689.1
汽车生活,印度街头蛋糕。非常的卫生也很安全,美食侦探,109005,2438,34408.1
汽车生活,骗赞服里来了一位巨能肝的妹子，扛起了建设圣诞小镇的重任！,单机游戏,17333,418,5492.5
汽车生活,内蒙牧民家可以有多大？占地面积900个足球场！,汽车生活,18892,408,5953.2
汽车生活,来个大佬帮我剪的悲伤一点,电子竞技,81516,1241,25323.5
汽车生活,“18岁还没觉醒替身正常吗”,搞笑,83290,532,25359.4
汽车生活,【汪苏泷的赶路日记】第一期，为大家带来一首《剑魂》！,明星综合,4793,1340,2375.8999999999996
汽车生活,为了活下去，华为在2021年用了哪些续命大法？,数码,26821,3756,10675.5
汽车生活,免费上映！超凡蜘蛛侠3应该是这样拍的！(游戏电影)《漫威/超凡蜘蛛侠3-战导剪辑版》,单机游戏,152583,1658,46935.5
汽车生活,宝藏圣诞歌曲！《Candy Cane Lane》激情翻唱,翻唱,27914,1345,9315.699999999999
汽车生活,爆肝6个月，我自制的浏览器主页迎来今年最大更新！,软件应用,24243,1610,8399.9
汽车生活,【斯斯】圣 诞 快 乐 ｜互 动 视 频,日常,14635,606,4814.7
汽车生活,请 领 取 ！你 的 2021 年 度 总 结 报 告 ！,日常,16711,219,5166.6
汽车生活,国外恋综天花板，女嘉宾化成野兽去相亲，淘汰后现场卸妆颜值惊艳,综艺,16589,1744,6197.5
汽车生活,猪柳蛋：你好，我是睡务局局长，需要在你家旅馆试睡一场,喵星人,41485,650,12900.5
汽车生活,【RR中字】211224 MSSL 道枝骏佑&目黑莲CUT（1080P高清）,明星综合,9483,922,3490.3
汽车生活,兰陵王对线元歌，满血就是斩杀线,电子竞技,48622,1091,15350.300000000001
汽车生活,广东人在平安夜送礼有多严谨？,搞笑,58202,724,17967.399999999998
汽车生活,【超级小桀】好冷静 好聪明的妹妹！,单机游戏,19877,882,6580.499999999999
汽车生活,《 早 八 的 魅 力 》,搞笑,52291,1689,16869.6
汽车生活,大司马上演《奇/葩/id/奇/遇/记》节目效果爆炸！！！！,电子竞技,49691,328,15136.9
汽车生活,肝爆炸！史上最肝空岛第1集-没岩浆没石头怎么生存？我的世界,单机游戏,15802,498,5089.2
汽车生活,假steam究竟有多离谱？up主以身试毒揭开假steam背后的秘密,软件应用,90180,5891,31177.7
汽车生活,美味家常菜碳烤鲨鱼，干净又卫生,美食记录,62793,816,19409.1
汽车生活,【SLOG】你知道沙漠2是什么吗！小卡！,搞笑,27989,1026,9114.9
汽车生活,广州酒家 晚餐 厨子探店¥1235,美食侦探,60607,1749,19406.399999999998
汽车生活,整鱼去骨，你们期待的灌汤黄鱼它来了！,美食制作,9270,321,3005.7
汽车生活,【罗翔】妖精骗婚？法律倒真的没考虑过这个问题……,社科·法律·心理,85673,3259,27983.199999999997
汽车生活,大清亡了，还有人叫溥仪皇帝？军阀下跪、总理磕头、名流觐见【闲木鱼】,人文历史,25382,1292,8519.0
汽车生活,原来汉字还能这么用……,搞笑,34005,524,10568.3
汽车生活,怎么会有这么喜欢狗狗的小猫咪！！,汪星人,34540,436,10667.2
汽车生活,吉卜力作品神还原！耗时6个月，把破旧小屋变梦幻，这个圣诞夜我住进了借物小人阿莉埃蒂的动漫房间！,家居房产,15883,392,5039.299999999999
汽车生活,满级幼崽，强大爆发力，这躲闪速度我都惊呆了,运动综合,119100,1670,36899.0
汽车生活,广州酒家 早茶 厨子探店¥574,美食侦探,42599,1651,13935.399999999998
汽车生活,大伙给评评理也行 崽奥达就是觉得太委屈了,搞笑,48135,872,15050.9
汽车生活,【主播真会玩主机篇】149：配送员杨树使命必达，塔科夫的客户们记得给个好评,单机游戏,26668,425,8297.9
汽车生活,你们要的反击视频来啦！！！,搞笑,35735,425,11018.0
汽车生活,徐老师来巡山347：亚索机智坐车跑路，却被半路拦停！,电子竞技,36157,648,11300.7
汽车生活,LOL教学服务真的靠谱吗??最高竟然要5899!!??,财经商业,30305,1551,10177.2
桌游棋牌,【时代少年团】火力全开演唱会 幕后花絮,明星综合,98444,26753,48260.299999999996
桌游棋牌,神曲翻唱《Take Me Hand》你需要被治愈了！,翻唱,49277,1614,15912.899999999998
桌游棋牌,一个动画看完美日太平洋战争【剧场版大电影】,人文历史,9846,294,3159.6
桌游棋牌,童年的回忆，手艺人自制翻花。一分钟翻出十八样花，每一朵花还对应一个成语！,日常,130957,580,39693.1
桌游棋牌,这才是国服关羽的咆哮，史诗绕后血拓千秋！【高燃集锦48期】,电子竞技,42312,811,13261.300000000001
桌游棋牌,美国灵魂探测器是真的吗？我在中国科技实验室测试了它…,日常,68590,1926,21925.2
桌游棋牌,女子便利店购物老板永远为其免单：你一定经历了无法承受的事,社科·法律·心理,55974,1682,17969.600000000002
桌游棋牌,看咱这新法术多是一件美“逝”！！！！！【⑨斯基】,单机游戏,13495,358,4299.1
桌游棋牌,一人得道，鸡犬升天......,搞笑,26751,297,8233.199999999999
桌游棋牌,玩象棋为什么要开挂？这万宁象棋游戏给我破防了！,桌游棋牌,25651,396,7972.499999999999
桌游棋牌,高加索大叔办了个蟒蛇宴，剥蛇皮方式超硬核，到底烤蛇肉好吃吗？,田园美食,28701,1304,9523.099999999999
桌游棋牌,大饼画的好男友跑不了,搞笑,38825,1488,12689.1
桌游棋牌,印度街头蛋糕。非常的卫生也很安全,美食侦探,109005,2438,34408.1
桌游棋牌,骗赞服里来了一位巨能肝的妹子，扛起了建设圣诞小镇的重任！,单机游戏,17333,418,5492.5
桌游棋牌,内蒙牧民家可以有多大？占地面积900个足球场！,汽车生活,18892,408,5953.2
桌游棋牌,来个大佬帮我剪的悲伤一点,电子竞技,81516,1241,25323.5
桌游棋牌,“18岁还没觉醒替身正常吗”,搞笑,83290,532,25359.4
桌游棋牌,【汪苏泷的赶路日记】第一期，为大家带来一首《剑魂》！,明星综合,4793,1340,2375.8999999999996
桌游棋牌,为了活下去，华为在2021年用了哪些续命大法？,数码,26821,3756,10675.5
桌游棋牌,免费上映！超凡蜘蛛侠3应该是这样拍的！(游戏电影)《漫威/超凡蜘蛛侠3-战导剪辑版》,单机游戏,152583,1658,46935.5
桌游棋牌,宝藏圣诞歌曲！《Candy Cane Lane》激情翻唱,翻唱,27914,1345,9315.699999999999
桌游棋牌,爆肝6个月，我自制的浏览器主页迎来今年最大更新！,软件应用,24243,1610,8399.9
桌游棋牌,【斯斯】圣 诞 快 乐 ｜互 动 视 频,日常,14635,606,4814.7
桌游棋牌,请 领 取 ！你 的 2021 年 度 总 结 报 告 ！,日常,16711,219,5166.6
桌游棋牌,国外恋综天花板，女嘉宾化成野兽去相亲，淘汰后现场卸妆颜值惊艳,综艺,16589,1744,6197.5
桌游棋牌,猪柳蛋：你好，我是睡务局局长，需要在你家旅馆试睡一场,喵星人,41485,650,12900.5
桌游棋牌,【RR中字】211224 MSSL 道枝骏佑&目黑莲CUT（1080P高清）,明星综合,9483,922,3490.3
桌游棋牌,兰陵王对线元歌，满血就是斩杀线,电子竞技,48622,1091,15350.300000000001
桌游棋牌,广东人在平安夜送礼有多严谨？,搞笑,58202,724,17967.399999999998
桌游棋牌,【超级小桀】好冷静 好聪明的妹妹！,单机游戏,19877,882,6580.499999999999
桌游棋牌,《 早 八 的 魅 力 》,搞笑,52291,1689,16869.6
桌游棋牌,大司马上演《奇/葩/id/奇/遇/记》节目效果爆炸！！！！,电子竞技,49691,328,15136.9
桌游棋牌,肝爆炸！史上最肝空岛第1集-没岩浆没石头怎么生存？我的世界,单机游戏,15802,498,5089.2
桌游棋牌,假steam究竟有多离谱？up主以身试毒揭开假steam背后的秘密,软件应用,90180,5891,31177.7
桌游棋牌,美味家常菜碳烤鲨鱼，干净又卫生,美食记录,62793,816,19409.1
桌游棋牌,【SLOG】你知道沙漠2是什么吗！小卡！,搞笑,27989,1026,9114.9
桌游棋牌,广州酒家 晚餐 厨子探店¥1235,美食侦探,60607,1749,19406.399999999998
桌游棋牌,整鱼去骨，你们期待的灌汤黄鱼它来了！,美食制作,9270,321,3005.7
桌游棋牌,【罗翔】妖精骗婚？法律倒真的没考虑过这个问题……,社科·法律·心理,85673,3259,27983.199999999997
桌游棋牌,大清亡了，还有人叫溥仪皇帝？军阀下跪、总理磕头、名流觐见【闲木鱼】,人文历史,25382,1292,8519.0
桌游棋牌,原来汉字还能这么用……,搞笑,34005,524,10568.3
桌游棋牌,怎么会有这么喜欢狗狗的小猫咪！！,汪星人,34540,436,10667.2
桌游棋牌,吉卜力作品神还原！耗时6个月，把破旧小屋变梦幻，这个圣诞夜我住进了借物小人阿莉埃蒂的动漫房间！,家居房产,15883,392,5039.299999999999
桌游棋牌,满级幼崽，强大爆发力，这躲闪速度我都惊呆了,运动综合,119100,1670,36899.0
桌游棋牌,广州酒家 早茶 厨子探店¥574,美食侦探,42599,1651,13935.399999999998
桌游棋牌,大伙给评评理也行 崽奥达就是觉得太委屈了,搞笑,48135,872,15050.9
桌游棋牌,【主播真会玩主机篇】149：配送员杨树使命必达，塔科夫的客户们记得给个好评,单机游戏,26668,425,8297.9
桌游棋牌,你们要的反击视频来啦！！！,搞笑,35735,425,11018.0
桌游棋牌,徐老师来巡山347：亚索机智坐车跑路，却被半路拦停！,电子竞技,36157,648,11300.7
桌游棋牌,LOL教学服务真的靠谱吗??最高竟然要5899!!??,财经商业,30305,1551,10177.2
人文历史,【时代少年团】火力全开演唱会 幕后花絮,明星综合,98444,26753,48260.299999999996
人文历史,神曲翻唱《Take Me Hand》你需要被治愈了！,翻唱,49277,1614,15912.899999999998
人文历史,一个动画看完美日太平洋战争【剧场版大电影】,人文历史,9846,294,3159.6
人文历史,童年的回忆，手艺人自制翻花。一分钟翻出十八样花，每一朵花还对应一个成语！,日常,130957,580,39693.1
人文历史,这才是国服关羽的咆哮，史诗绕后血拓千秋！【高燃集锦48期】,电子竞技,42312,811,13261.300000000001
人文历史,美国灵魂探测器是真的吗？我在中国科技实验室测试了它…,日常,68590,1926,21925.2
人文历史,女子便利店购物老板永远为其免单：你一定经历了无法承受的事,社科·法律·心理,55974,1682,17969.600000000002
人文历史,看咱这新法术多是一件美“逝”！！！！！【⑨斯基】,单机游戏,13495,358,4299.1
人文历史,一人得道，鸡犬升天......,搞笑,26751,297,8233.199999999999
人文历史,玩象棋为什么要开挂？这万宁象棋游戏给我破防了！,桌游棋牌,25651,396,7972.499999999999
人文历史,高加索大叔办了个蟒蛇宴，剥蛇皮方式超硬核，到底烤蛇肉好吃吗？,田园美食,28701,1304,9523.099999999999
人文历史,大饼画的好男友跑不了,搞笑,38825,1488,12689.1
人文历史,印度街头蛋糕。非常的卫生也很安全,美食侦探,109005,2438,34408.1
人文历史,骗赞服里来了一位巨能肝的妹子，扛起了建设圣诞小镇的重任！,单机游戏,17333,418,5492.5
人文历史,内蒙牧民家可以有多大？占地面积900个足球场！,汽车生活,18892,408,5953.2
人文历史,来个大佬帮我剪的悲伤一点,电子竞技,81516,1241,25323.5
人文历史,“18岁还没觉醒替身正常吗”,搞笑,83290,532,25359.4
人文历史,【汪苏泷的赶路日记】第一期，为大家带来一首《剑魂》！,明星综合,4793,1340,2375.8999999999996
人文历史,为了活下去，华为在2021年用了哪些续命大法？,数码,26821,3756,10675.5
人文历史,免费上映！超凡蜘蛛侠3应该是这样拍的！(游戏电影)《漫威/超凡蜘蛛侠3-战导剪辑版》,单机游戏,152583,1658,46935.5
人文历史,宝藏圣诞歌曲！《Candy Cane Lane》激情翻唱,翻唱,27914,1345,9315.699999999999
人文历史,爆肝6个月，我自制的浏览器主页迎来今年最大更新！,软件应用,24243,1610,8399.9
人文历史,【斯斯】圣 诞 快 乐 ｜互 动 视 频,日常,14635,606,4814.7
人文历史,请 领 取 ！你 的 2021 年 度 总 结 报 告 ！,日常,16711,219,5166.6
人文历史,国外恋综天花板，女嘉宾化成野兽去相亲，淘汰后现场卸妆颜值惊艳,综艺,16589,1744,6197.5
人文历史,猪柳蛋：你好，我是睡务局局长，需要在你家旅馆试睡一场,喵星人,41485,650,12900.5
人文历史,【RR中字】211224 MSSL 道枝骏佑&目黑莲CUT（1080P高清）,明星综合,9483,922,3490.3
人文历史,兰陵王对线元歌，满血就是斩杀线,电子竞技,48622,1091,15350.300000000001
人文历史,广东人在平安夜送礼有多严谨？,搞笑,58202,724,17967.399999999998
人文历史,【超级小桀】好冷静 好聪明的妹妹！,单机游戏,19877,882,6580.499999999999
人文历史,《 早 八 的 魅 力 》,搞笑,52291,1689,16869.6
人文历史,大司马上演《奇/葩/id/奇/遇/记》节目效果爆炸！！！！,电子竞技,49691,328,15136.9
人文历史,肝爆炸！史上最肝空岛第1集-没岩浆没石头怎么生存？我的世界,单机游戏,15802,498,5089.2
人文历史,假steam究竟有多离谱？up主以身试毒揭开假steam背后的秘密,软件应用,90180,5891,31177.7
人文历史,美味家常菜碳烤鲨鱼，干净又卫生,美食记录,62793,816,19409.1
人文历史,【SLOG】你知道沙漠2是什么吗！小卡！,搞笑,27989,1026,9114.9
人文历史,广州酒家 晚餐 厨子探店¥1235,美食侦探,60607,1749,19406.399999999998
人文历史,整鱼去骨，你们期待的灌汤黄鱼它来了！,美食制作,9270,321,3005.7
人文历史,【罗翔】妖精骗婚？法律倒真的没考虑过这个问题……,社科·法律·心理,85673,3259,27983.199999999997
人文历史,大清亡了，还有人叫溥仪皇帝？军阀下跪、总理磕头、名流觐见【闲木鱼】,人文历史,25382,1292,8519.0
人文历史,原来汉字还能这么用……,搞笑,34005,524,10568.3
人文历史,怎么会有这么喜欢狗狗的小猫咪！！,汪星人,34540,436,10667.2
人文历史,吉卜力作品神还原！耗时6个月，把破旧小屋变梦幻，这个圣诞夜我住进了借物小人阿莉埃蒂的动漫房间！,家居房产,15883,392,5039.299999999999
人文历史,满级幼崽，强大爆发力，这躲闪速度我都惊呆了,运动综合,119100,1670,36899.0
人文历史,广州酒家 早茶 厨子探店¥574,美食侦探,42599,1651,13935.399999999998
人文历史,大伙给评评理也行 崽奥达就是觉得太委屈了,搞笑,48135,872,15050.9
人文历史,【主播真会玩主机篇】149：配送员杨树使命必达，塔科夫的客户们记得给个好评,单机游戏,26668,425,8297.9
人文历史,你们要的反击视频来啦！！！,搞笑,35735,425,11018.0
人文历史,徐老师来巡山347：亚索机智坐车跑路，却被半路拦停！,电子竞技,36157,648,11300.7
人文历史,LOL教学服务真的靠谱吗??最高竟然要5899!!??,财经商业,30305,1551,10177.2
美食制作,【时代少年团】火力全开演唱会 幕后花絮,明星综合,98444,26753,48260.299999999996
美食制作,神曲翻唱《Take Me Hand》你需要被治愈了！,翻唱,49277,1614,15912.899999999998
美食制作,一个动画看完美日太平洋战争【剧场版大电影】,人文历史,9846,294,3159.6
美食制作,童年的回忆，手艺人自制翻花。一分钟翻出十八样花，每一朵花还对应一个成语！,日常,130957,580,39693.1
美食制作,这才是国服关羽的咆哮，史诗绕后血拓千秋！【高燃集锦48期】,电子竞技,42312,811,13261.300000000001
美食制作,美国灵魂探测器是真的吗？我在中国科技实验室测试了它…,日常,68590,1926,21925.2
美食制作,女子便利店购物老板永远为其免单：你一定经历了无法承受的事,社科·法律·心理,55974,1682,17969.600000000002
美食制作,看咱这新法术多是一件美“逝”！！！！！【⑨斯基】,单机游戏,13495,358,4299.1
美食制作,一人得道，鸡犬升天......,搞笑,26751,297,8233.199999999999
美食制作,玩象棋为什么要开挂？这万宁象棋游戏给我破防了！,桌游棋牌,25651,396,7972.499999999999
美食制作,高加索大叔办了个蟒蛇宴，剥蛇皮方式超硬核，到底烤蛇肉好吃吗？,田园美食,28701,1304,9523.099999999999
美食制作,大饼画的好男友跑不了,搞笑,38825,1488,12689.1
美食制作,印度街头蛋糕。非常的卫生也很安全,美食侦探,109005,2438,34408.1
美食制作,骗赞服里来了一位巨能肝的妹子，扛起了建设圣诞小镇的重任！,单机游戏,17333,418,5492.5
美食制作,内蒙牧民家可以有多大？占地面积900个足球场！,汽车生活,18892,408,5953.2
美食制作,来个大佬帮我剪的悲伤一点,电子竞技,81516,1241,25323.5
美食制作,“18岁还没觉醒替身正常吗”,搞笑,83290,532,25359.4
美食制作,【汪苏泷的赶路日记】第一期，为大家带来一首《剑魂》！,明星综合,4793,1340,2375.8999999999996
美食制作,为了活下去，华为在2021年用了哪些续命大法？,数码,26821,3756,10675.5
美食制作,免费上映！超凡蜘蛛侠3应该是这样拍的！(游戏电影)《漫威/超凡蜘蛛侠3-战导剪辑版》,单机游戏,152583,1658,46935.5
美食制作,宝藏圣诞歌曲！《Candy Cane Lane》激情翻唱,翻唱,27914,1345,9315.699999999999
美食制作,爆肝6个月，我自制的浏览器主页迎来今年最大更新！,软件应用,24243,1610,8399.9
美食制作,【斯斯】圣 诞 快 乐 ｜互 动 视 频,日常,14635,606,4814.7
美食制作,请 领 取 ！你 的 2021 年 度 总 结 报 告 ！,日常,16711,219,5166.6
美食制作,国外恋综天花板，女嘉宾化成野兽去相亲，淘汰后现场卸妆颜值惊艳,综艺,16589,1744,6197.5
美食制作,猪柳蛋：你好，我是睡务局局长，需要在你家旅馆试睡一场,喵星人,41485,650,12900.5
美食制作,【RR中字】211224 MSSL 道枝骏佑&目黑莲CUT（1080P高清）,明星综合,9483,922,3490.3
美食制作,兰陵王对线元歌，满血就是斩杀线,电子竞技,48622,1091,15350.300000000001
美食制作,广东人在平安夜送礼有多严谨？,搞笑,58202,724,17967.399999999998
美食制作,【超级小桀】好冷静 好聪明的妹妹！,单机游戏,19877,882,6580.499999999999
美食制作,《 早 八 的 魅 力 》,搞笑,52291,1689,16869.6
美食制作,大司马上演《奇/葩/id/奇/遇/记》节目效果爆炸！！！！,电子竞技,49691,328,15136.9
美食制作,肝爆炸！史上最肝空岛第1集-没岩浆没石头怎么生存？我的世界,单机游戏,15802,498,5089.2
美食制作,假steam究竟有多离谱？up主以身试毒揭开假steam背后的秘密,软件应用,90180,5891,31177.7
美食制作,美味家常菜碳烤鲨鱼，干净又卫生,美食记录,62793,816,19409.1
美食制作,【SLOG】你知道沙漠2是什么吗！小卡！,搞笑,27989,1026,9114.9
美食制作,广州酒家 晚餐 厨子探店¥1235,美食侦探,60607,1749,19406.399999999998
美食制作,整鱼去骨，你们期待的灌汤黄鱼它来了！,美食制作,9270,321,3005.7
美食制作,【罗翔】妖精骗婚？法律倒真的没考虑过这个问题……,社科·法律·心理,85673,3259,27983.199999999997
美食制作,大清亡了，还有人叫溥仪皇帝？军阀下跪、总理磕头、名流觐见【闲木鱼】,人文历史,25382,1292,8519.0
美食制作,原来汉字还能这么用……,搞笑,34005,524,10568.3
美食制作,怎么会有这么喜欢狗狗的小猫咪！！,汪星人,34540,436,10667.2
美食制作,吉卜力作品神还原！耗时6个月，把破旧小屋变梦幻，这个圣诞夜我住进了借物小人阿莉埃蒂的动漫房间！,家居房产,15883,392,5039.299999999999
美食制作,满级幼崽，强大爆发力，这躲闪速度我都惊呆了,运动综合,119100,1670,36899.0
美食制作,广州酒家 早茶 厨子探店¥574,美食侦探,42599,1651,13935.399999999998
美食制作,大伙给评评理也行 崽奥达就是觉得太委屈了,搞笑,48135,872,15050.9
美食制作,【主播真会玩主机篇】149：配送员杨树使命必达，塔科夫的客户们记得给个好评,单机游戏,26668,425,8297.9
美食制作,你们要的反击视频来啦！！！,搞笑,35735,425,11018.0
美食制作,徐老师来巡山347：亚索机智坐车跑路，却被半路拦停！,电子竞技,36157,648,11300.7
美食制作,LOL教学服务真的靠谱吗??最高竟然要5899!!??,财经商业,30305,1551,10177.2
家居房产,【时代少年团】火力全开演唱会 幕后花絮,明星综合,98444,26753,48260.299999999996
家居房产,神曲翻唱《Take Me Hand》你需要被治愈了！,翻唱,49277,1614,15912.899999999998
家居房产,一个动画看完美日太平洋战争【剧场版大电影】,人文历史,9846,294,3159.6
家居房产,童年的回忆，手艺人自制翻花。一分钟翻出十八样花，每一朵花还对应一个成语！,日常,130957,580,39693.1
家居房产,这才是国服关羽的咆哮，史诗绕后血拓千秋！【高燃集锦48期】,电子竞技,42312,811,13261.300000000001
家居房产,美国灵魂探测器是真的吗？我在中国科技实验室测试了它…,日常,68590,1926,21925.2
家居房产,女子便利店购物老板永远为其免单：你一定经历了无法承受的事,社科·法律·心理,55974,1682,17969.600000000002
家居房产,看咱这新法术多是一件美“逝”！！！！！【⑨斯基】,单机游戏,13495,358,4299.1
家居房产,一人得道，鸡犬升天......,搞笑,26751,297,8233.199999999999
家居房产,玩象棋为什么要开挂？这万宁象棋游戏给我破防了！,桌游棋牌,25651,396,7972.499999999999
家居房产,高加索大叔办了个蟒蛇宴，剥蛇皮方式超硬核，到底烤蛇肉好吃吗？,田园美食,28701,1304,9523.099999999999
家居房产,大饼画的好男友跑不了,搞笑,38825,1488,12689.1
家居房产,印度街头蛋糕。非常的卫生也很安全,美食侦探,109005,2438,34408.1
家居房产,骗赞服里来了一位巨能肝的妹子，扛起了建设圣诞小镇的重任！,单机游戏,17333,418,5492.5
家居房产,内蒙牧民家可以有多大？占地面积900个足球场！,汽车生活,18892,408,5953.2
家居房产,来个大佬帮我剪的悲伤一点,电子竞技,81516,1241,25323.5
家居房产,“18岁还没觉醒替身正常吗”,搞笑,83290,532,25359.4
家居房产,【汪苏泷的赶路日记】第一期，为大家带来一首《剑魂》！,明星综合,4793,1340,2375.8999999999996
家居房产,为了活下去，华为在2021年用了哪些续命大法？,数码,26821,3756,10675.5
家居房产,免费上映！超凡蜘蛛侠3应该是这样拍的！(游戏电影)《漫威/超凡蜘蛛侠3-战导剪辑版》,单机游戏,152583,1658,46935.5
家居房产,宝藏圣诞歌曲！《Candy Cane Lane》激情翻唱,翻唱,27914,1345,9315.699999999999
家居房产,爆肝6个月，我自制的浏览器主页迎来今年最大更新！,软件应用,24243,1610,8399.9
家居房产,【斯斯】圣 诞 快 乐 ｜互 动 视 频,日常,14635,606,4814.7
家居房产,请 领 取 ！你 的 2021 年 度 总 结 报 告 ！,日常,16711,219,5166.6
家居房产,国外恋综天花板，女嘉宾化成野兽去相亲，淘汰后现场卸妆颜值惊艳,综艺,16589,1744,6197.5
家居房产,猪柳蛋：你好，我是睡务局局长，需要在你家旅馆试睡一场,喵星人,41485,650,12900.5
家居房产,【RR中字】211224 MSSL 道枝骏佑&目黑莲CUT（1080P高清）,明星综合,9483,922,3490.3
家居房产,兰陵王对线元歌，满血就是斩杀线,电子竞技,48622,1091,15350.300000000001
家居房产,广东人在平安夜送礼有多严谨？,搞笑,58202,724,17967.399999999998
家居房产,【超级小桀】好冷静 好聪明的妹妹！,单机游戏,19877,882,6580.499999999999
家居房产,《 早 八 的 魅 力 》,搞笑,52291,1689,16869.6
家居房产,大司马上演《奇/葩/id/奇/遇/记》节目效果爆炸！！！！,电子竞技,49691,328,15136.9
家居房产,肝爆炸！史上最肝空岛第1集-没岩浆没石头怎么生存？我的世界,单机游戏,15802,498,5089.2
家居房产,假steam究竟有多离谱？up主以身试毒揭开假steam背后的秘密,软件应用,90180,5891,31177.7
家居房产,美味家常菜碳烤鲨鱼，干净又卫生,美食记录,62793,816,19409.1
家居房产,【SLOG】你知道沙漠2是什么吗！小卡！,搞笑,27989,1026,9114.9
家居房产,广州酒家 晚餐 厨子探店¥1235,美食侦探,60607,1749,19406.399999999998
家居房产,整鱼去骨，你们期待的灌汤黄鱼它来了！,美食制作,9270,321,3005.7
家居房产,【罗翔】妖精骗婚？法律倒真的没考虑过这个问题……,社科·法律·心理,85673,3259,27983.199999999997
家居房产,大清亡了，还有人叫溥仪皇帝？军阀下跪、总理磕头、名流觐见【闲木鱼】,人文历史,25382,1292,8519.0
家居房产,原来汉字还能这么用……,搞笑,34005,524,10568.3
家居房产,怎么会有这么喜欢狗狗的小猫咪！！,汪星人,34540,436,10667.2
家居房产,吉卜力作品神还原！耗时6个月，把破旧小屋变梦幻，这个圣诞夜我住进了借物小人阿莉埃蒂的动漫房间！,家居房产,15883,392,5039.299999999999
家居房产,满级幼崽，强大爆发力，这躲闪速度我都惊呆了,运动综合,119100,1670,36899.0
家居房产,广州酒家 早茶 厨子探店¥574,美食侦探,42599,1651,13935.399999999998
家居房产,大伙给评评理也行 崽奥达就是觉得太委屈了,搞笑,48135,872,15050.9
家居房产,【主播真会玩主机篇】149：配送员杨树使命必达，塔科夫的客户们记得给个好评,单机游戏,26668,425,8297.9
家居房产,你们要的反击视频来啦！！！,搞笑,35735,425,11018.0
家居房产,徐老师来巡山347：亚索机智坐车跑路，却被半路拦停！,电子竞技,36157,648,11300.7
家居房产,LOL教学服务真的靠谱吗??最高竟然要5899!!??,财经商业,30305,1551,10177.2
单机游戏,【时代少年团】火力全开演唱会 幕后花絮,明星综合,98444,26753,48260.299999999996
单机游戏,神曲翻唱《Take Me Hand》你需要被治愈了！,翻唱,49277,1614,15912.899999999998
单机游戏,一个动画看完美日太平洋战争【剧场版大电影】,人文历史,9846,294,3159.6
单机游戏,童年的回忆，手艺人自制翻花。一分钟翻出十八样花，每一朵花还对应一个成语！,日常,130957,580,39693.1
单机游戏,这才是国服关羽的咆哮，史诗绕后血拓千秋！【高燃集锦48期】,电子竞技,42312,811,13261.300000000001
单机游戏,美国灵魂探测器是真的吗？我在中国科技实验室测试了它…,日常,68590,1926,21925.2
单机游戏,女子便利店购物老板永远为其免单：你一定经历了无法承受的事,社科·法律·心理,55974,1682,17969.600000000002
单机游戏,看咱这新法术多是一件美“逝”！！！！！【⑨斯基】,单机游戏,13495,358,4299.1
单机游戏,一人得道，鸡犬升天......,搞笑,26751,297,8233.199999999999
单机游戏,玩象棋为什么要开挂？这万宁象棋游戏给我破防了！,桌游棋牌,25651,396,7972.499999999999
单机游戏,高加索大叔办了个蟒蛇宴，剥蛇皮方式超硬核，到底烤蛇肉好吃吗？,田园美食,28701,1304,9523.099999999999
单机游戏,大饼画的好男友跑不了,搞笑,38825,1488,12689.1
单机游戏,印度街头蛋糕。非常的卫生也很安全,美食侦探,109005,2438,34408.1
单机游戏,骗赞服里来了一位巨能肝的妹子，扛起了建设圣诞小镇的重任！,单机游戏,17333,418,5492.5
单机游戏,内蒙牧民家可以有多大？占地面积900个足球场！,汽车生活,18892,408,5953.2
单机游戏,来个大佬帮我剪的悲伤一点,电子竞技,81516,1241,25323.5
单机游戏,“18岁还没觉醒替身正常吗”,搞笑,83290,532,25359.4
单机游戏,【汪苏泷的赶路日记】第一期，为大家带来一首《剑魂》！,明星综合,4793,1340,2375.8999999999996
单机游戏,为了活下去，华为在2021年用了哪些续命大法？,数码,26821,3756,10675.5
单机游戏,免费上映！超凡蜘蛛侠3应该是这样拍的！(游戏电影)《漫威/超凡蜘蛛侠3-战导剪辑版》,单机游戏,152583,1658,46935.5
单机游戏,宝藏圣诞歌曲！《Candy Cane Lane》激情翻唱,翻唱,27914,1345,9315.699999999999
单机游戏,爆肝6个月，我自制的浏览器主页迎来今年最大更新！,软件应用,24243,1610,8399.9
单机游戏,【斯斯】圣 诞 快 乐 ｜互 动 视 频,日常,14635,606,4814.7
单机游戏,请 领 取 ！你 的 2021 年 度 总 结 报 告 ！,日常,16711,219,5166.6
单机游戏,国外恋综天花板，女嘉宾化成野兽去相亲，淘汰后现场卸妆颜值惊艳,综艺,16589,1744,6197.5
单机游戏,猪柳蛋：你好，我是睡务局局长，需要在你家旅馆试睡一场,喵星人,41485,650,12900.5
单机游戏,【RR中字】211224 MSSL 道枝骏佑&目黑莲CUT（1080P高清）,明星综合,9483,922,3490.3
单机游戏,兰陵王对线元歌，满血就是斩杀线,电子竞技,48622,1091,15350.300000000001
单机游戏,广东人在平安夜送礼有多严谨？,搞笑,58202,724,17967.399999999998
单机游戏,【超级小桀】好冷静 好聪明的妹妹！,单机游戏,19877,882,6580.499999999999
单机游戏,《 早 八 的 魅 力 》,搞笑,52291,1689,16869.6
单机游戏,大司马上演《奇/葩/id/奇/遇/记》节目效果爆炸！！！！,电子竞技,49691,328,15136.9
单机游戏,肝爆炸！史上最肝空岛第1集-没岩浆没石头怎么生存？我的世界,单机游戏,15802,498,5089.2
单机游戏,假steam究竟有多离谱？up主以身试毒揭开假steam背后的秘密,软件应用,90180,5891,31177.7
单机游戏,美味家常菜碳烤鲨鱼，干净又卫生,美食记录,62793,816,19409.1
单机游戏,【SLOG】你知道沙漠2是什么吗！小卡！,搞笑,27989,1026,9114.9
单机游戏,广州酒家 晚餐 厨子探店¥1235,美食侦探,60607,1749,19406.399999999998
单机游戏,整鱼去骨，你们期待的灌汤黄鱼它来了！,美食制作,9270,321,3005.7
单机游戏,【罗翔】妖精骗婚？法律倒真的没考虑过这个问题……,社科·法律·心理,85673,3259,27983.199999999997
单机游戏,大清亡了，还有人叫溥仪皇帝？军阀下跪、总理磕头、名流觐见【闲木鱼】,人文历史,25382,1292,8519.0
单机游戏,原来汉字还能这么用……,搞笑,34005,524,10568.3
单机游戏,怎么会有这么喜欢狗狗的小猫咪！！,汪星人,34540,436,10667.2
单机游戏,吉卜力作品神还原！耗时6个月，把破旧小屋变梦幻，这个圣诞夜我住进了借物小人阿莉埃蒂的动漫房间！,家居房产,15883,392,5039.299999999999
单机游戏,满级幼崽，强大爆发力，这躲闪速度我都惊呆了,运动综合,119100,1670,36899.0
单机游戏,广州酒家 早茶 厨子探店¥574,美食侦探,42599,1651,13935.399999999998
单机游戏,大伙给评评理也行 崽奥达就是觉得太委屈了,搞笑,48135,872,15050.9
单机游戏,【主播真会玩主机篇】149：配送员杨树使命必达，塔科夫的客户们记得给个好评,单机游戏,26668,425,8297.9
单机游戏,你们要的反击视频来啦！！！,搞笑,35735,425,11018.0
单机游戏,徐老师来巡山347：亚索机智坐车跑路，却被半路拦停！,电子竞技,36157,648,11300.7
单机游戏,LOL教学服务真的靠谱吗??最高竟然要5899!!??,财经商业,30305,1551,10177.2
综艺,【时代少年团】火力全开演唱会 幕后花絮,明星综合,98444,26753,48260.299999999996
综艺,神曲翻唱《Take Me Hand》你需要被治愈了！,翻唱,49277,1614,15912.899999999998
综艺,一个动画看完美日太平洋战争【剧场版大电影】,人文历史,9846,294,3159.6
综艺,童年的回忆，手艺人自制翻花。一分钟翻出十八样花，每一朵花还对应一个成语！,日常,130957,580,39693.1
综艺,这才是国服关羽的咆哮，史诗绕后血拓千秋！【高燃集锦48期】,电子竞技,42312,811,13261.300000000001
综艺,美国灵魂探测器是真的吗？我在中国科技实验室测试了它…,日常,68590,1926,21925.2
综艺,女子便利店购物老板永远为其免单：你一定经历了无法承受的事,社科·法律·心理,55974,1682,17969.600000000002
综艺,看咱这新法术多是一件美“逝”！！！！！【⑨斯基】,单机游戏,13495,358,4299.1
综艺,一人得道，鸡犬升天......,搞笑,26751,297,8233.199999999999
综艺,玩象棋为什么要开挂？这万宁象棋游戏给我破防了！,桌游棋牌,25651,396,7972.499999999999
综艺,高加索大叔办了个蟒蛇宴，剥蛇皮方式超硬核，到底烤蛇肉好吃吗？,田园美食,28701,1304,9523.099999999999
综艺,大饼画的好男友跑不了,搞笑,38825,1488,12689.1
综艺,印度街头蛋糕。非常的卫生也很安全,美食侦探,109005,2438,34408.1
综艺,骗赞服里来了一位巨能肝的妹子，扛起了建设圣诞小镇的重任！,单机游戏,17333,418,5492.5
综艺,内蒙牧民家可以有多大？占地面积900个足球场！,汽车生活,18892,408,5953.2
综艺,来个大佬帮我剪的悲伤一点,电子竞技,81516,1241,25323.5
综艺,“18岁还没觉醒替身正常吗”,搞笑,83290,532,25359.4
综艺,【汪苏泷的赶路日记】第一期，为大家带来一首《剑魂》！,明星综合,4793,1340,2375.8999999999996
综艺,为了活下去，华为在2021年用了哪些续命大法？,数码,26821,3756,10675.5
综艺,免费上映！超凡蜘蛛侠3应该是这样拍的！(游戏电影)《漫威/超凡蜘蛛侠3-战导剪辑版》,单机游戏,152583,1658,46935.5
综艺,宝藏圣诞歌曲！《Candy Cane Lane》激情翻唱,翻唱,27914,1345,9315.699999999999
综艺,爆肝6个月，我自制的浏览器主页迎来今年最大更新！,软件应用,24243,1610,8399.9
综艺,【斯斯】圣 诞 快 乐 ｜互 动 视 频,日常,14635,606,4814.7
综艺,请 领 取 ！你 的 2021 年 度 总 结 报 告 ！,日常,16711,219,5166.6
综艺,国外恋综天花板，女嘉宾化成野兽去相亲，淘汰后现场卸妆颜值惊艳,综艺,16589,1744,6197.5
综艺,猪柳蛋：你好，我是睡务局局长，需要在你家旅馆试睡一场,喵星人,41485,650,12900.5
综艺,【RR中字】211224 MSSL 道枝骏佑&目黑莲CUT（1080P高清）,明星综合,9483,922,3490.3
综艺,兰陵王对线元歌，满血就是斩杀线,电子竞技,48622,1091,15350.300000000001
综艺,广东人在平安夜送礼有多严谨？,搞笑,58202,724,17967.399999999998
综艺,【超级小桀】好冷静 好聪明的妹妹！,单机游戏,19877,882,6580.499999999999
综艺,《 早 八 的 魅 力 》,搞笑,52291,1689,16869.6
综艺,大司马上演《奇/葩/id/奇/遇/记》节目效果爆炸！！！！,电子竞技,49691,328,15136.9
综艺,肝爆炸！史上最肝空岛第1集-没岩浆没石头怎么生存？我的世界,单机游戏,15802,498,5089.2
综艺,假steam究竟有多离谱？up主以身试毒揭开假steam背后的秘密,软件应用,90180,5891,31177.7
综艺,美味家常菜碳烤鲨鱼，干净又卫生,美食记录,62793,816,19409.1
综艺,【SLOG】你知道沙漠2是什么吗！小卡！,搞笑,27989,1026,9114.9
综艺,广州酒家 晚餐 厨子探店¥1235,美食侦探,60607,1749,19406.399999999998
综艺,整鱼去骨，你们期待的灌汤黄鱼它来了！,美食制作,9270,321,3005.7
综艺,【罗翔】妖精骗婚？法律倒真的没考虑过这个问题……,社科·法律·心理,85673,3259,27983.199999999997
综艺,大清亡了，还有人叫溥仪皇帝？军阀下跪、总理磕头、名流觐见【闲木鱼】,人文历史,25382,1292,8519.0
综艺,原来汉字还能这么用……,搞笑,34005,524,10568.3
综艺,怎么会有这么喜欢狗狗的小猫咪！！,汪星人,34540,436,10667.2
综艺,吉卜力作品神还原！耗时6个月，把破旧小屋变梦幻，这个圣诞夜我住进了借物小人阿莉埃蒂的动漫房间！,家居房产,15883,392,5039.299999999999
综艺,满级幼崽，强大爆发力，这躲闪速度我都惊呆了,运动综合,119100,1670,36899.0
综艺,广州酒家 早茶 厨子探店¥574,美食侦探,42599,1651,13935.399999999998
综艺,大伙给评评理也行 崽奥达就是觉得太委屈了,搞笑,48135,872,15050.9
综艺,【主播真会玩主机篇】149：配送员杨树使命必达，塔科夫的客户们记得给个好评,单机游戏,26668,425,8297.9
综艺,你们要的反击视频来啦！！！,搞笑,35735,425,11018.0
综艺,徐老师来巡山347：亚索机智坐车跑路，却被半路拦停！,电子竞技,36157,648,11300.7
综艺,LOL教学服务真的靠谱吗??最高竟然要5899!!??,财经商业,30305,1551,10177.2
田园美食,【时代少年团】火力全开演唱会 幕后花絮,明星综合,98444,26753,48260.299999999996
田园美食,神曲翻唱《Take Me Hand》你需要被治愈了！,翻唱,49277,1614,15912.899999999998
田园美食,一个动画看完美日太平洋战争【剧场版大电影】,人文历史,9846,294,3159.6
田园美食,童年的回忆，手艺人自制翻花。一分钟翻出十八样花，每一朵花还对应一个成语！,日常,130957,580,39693.1
田园美食,这才是国服关羽的咆哮，史诗绕后血拓千秋！【高燃集锦48期】,电子竞技,42312,811,13261.300000000001
田园美食,美国灵魂探测器是真的吗？我在中国科技实验室测试了它…,日常,68590,1926,21925.2
田园美食,女子便利店购物老板永远为其免单：你一定经历了无法承受的事,社科·法律·心理,55974,1682,17969.600000000002
田园美食,看咱这新法术多是一件美“逝”！！！！！【⑨斯基】,单机游戏,13495,358,4299.1
田园美食,一人得道，鸡犬升天......,搞笑,26751,297,8233.199999999999
田园美食,玩象棋为什么要开挂？这万宁象棋游戏给我破防了！,桌游棋牌,25651,396,7972.499999999999
田园美食,高加索大叔办了个蟒蛇宴，剥蛇皮方式超硬核，到底烤蛇肉好吃吗？,田园美食,28701,1304,9523.099999999999
田园美食,大饼画的好男友跑不了,搞笑,38825,1488,12689.1
田园美食,印度街头蛋糕。非常的卫生也很安全,美食侦探,109005,2438,34408.1
田园美食,骗赞服里来了一位巨能肝的妹子，扛起了建设圣诞小镇的重任！,单机游戏,17333,418,5492.5
田园美食,内蒙牧民家可以有多大？占地面积900个足球场！,汽车生活,18892,408,5953.2
田园美食,来个大佬帮我剪的悲伤一点,电子竞技,81516,1241,25323.5
田园美食,“18岁还没觉醒替身正常吗”,搞笑,83290,532,25359.4
田园美食,【汪苏泷的赶路日记】第一期，为大家带来一首《剑魂》！,明星综合,4793,1340,2375.8999999999996
田园美食,为了活下去，华为在2021年用了哪些续命大法？,数码,26821,3756,10675.5
田园美食,免费上映！超凡蜘蛛侠3应该是这样拍的！(游戏电影)《漫威/超凡蜘蛛侠3-战导剪辑版》,单机游戏,152583,1658,46935.5
田园美食,宝藏圣诞歌曲！《Candy Cane Lane》激情翻唱,翻唱,27914,1345,9315.699999999999
田园美食,爆肝6个月，我自制的浏览器主页迎来今年最大更新！,软件应用,24243,1610,8399.9
田园美食,【斯斯】圣 诞 快 乐 ｜互 动 视 频,日常,14635,606,4814.7
田园美食,请 领 取 ！你 的 2021 年 度 总 结 报 告 ！,日常,16711,219,5166.6
田园美食,国外恋综天花板，女嘉宾化成野兽去相亲，淘汰后现场卸妆颜值惊艳,综艺,16589,1744,6197.5
田园美食,猪柳蛋：你好，我是睡务局局长，需要在你家旅馆试睡一场,喵星人,41485,650,12900.5
田园美食,【RR中字】211224 MSSL 道枝骏佑&目黑莲CUT（1080P高清）,明星综合,9483,922,3490.3
田园美食,兰陵王对线元歌，满血就是斩杀线,电子竞技,48622,1091,15350.300000000001
田园美食,广东人在平安夜送礼有多严谨？,搞笑,58202,724,17967.399999999998
田园美食,【超级小桀】好冷静 好聪明的妹妹！,单机游戏,19877,882,6580.499999999999
田园美食,《 早 八 的 魅 力 》,搞笑,52291,1689,16869.6
田园美食,大司马上演《奇/葩/id/奇/遇/记》节目效果爆炸！！！！,电子竞技,49691,328,15136.9
田园美食,肝爆炸！史上最肝空岛第1集-没岩浆没石头怎么生存？我的世界,单机游戏,15802,498,5089.2
田园美食,假steam究竟有多离谱？up主以身试毒揭开假steam背后的秘密,软件应用,90180,5891,31177.7
田园美食,美味家常菜碳烤鲨鱼，干净又卫生,美食记录,62793,816,19409.1
田园美食,【SLOG】你知道沙漠2是什么吗！小卡！,搞笑,27989,1026,9114.9
田园美食,广州酒家 晚餐 厨子探店¥1235,美食侦探,60607,1749,19406.399999999998
田园美食,整鱼去骨，你们期待的灌汤黄鱼它来了！,美食制作,9270,321,3005.7
田园美食,【罗翔】妖精骗婚？法律倒真的没考虑过这个问题……,社科·法律·心理,85673,3259,27983.199999999997
田园美食,大清亡了，还有人叫溥仪皇帝？军阀下跪、总理磕头、名流觐见【闲木鱼】,人文历史,25382,1292,8519.0
田园美食,原来汉字还能这么用……,搞笑,34005,524,10568.3
田园美食,怎么会有这么喜欢狗狗的小猫咪！！,汪星人,34540,436,10667.2
田园美食,吉卜力作品神还原！耗时6个月，把破旧小屋变梦幻，这个圣诞夜我住进了借物小人阿莉埃蒂的动漫房间！,家居房产,15883,392,5039.299999999999
田园美食,满级幼崽，强大爆发力，这躲闪速度我都惊呆了,运动综合,119100,1670,36899.0
田园美食,广州酒家 早茶 厨子探店¥574,美食侦探,42599,1651,13935.399999999998
田园美食,大伙给评评理也行 崽奥达就是觉得太委屈了,搞笑,48135,872,15050.9
田园美食,【主播真会玩主机篇】149：配送员杨树使命必达，塔科夫的客户们记得给个好评,单机游戏,26668,425,8297.9
田园美食,你们要的反击视频来啦！！！,搞笑,35735,425,11018.0
田园美食,徐老师来巡山347：亚索机智坐车跑路，却被半路拦停！,电子竞技,36157,648,11300.7
田园美食,LOL教学服务真的靠谱吗??最高竟然要5899!!??,财经商业,30305,1551,10177.2
软件应用,【时代少年团】火力全开演唱会 幕后花絮,明星综合,98444,26753,48260.299999999996
软件应用,神曲翻唱《Take Me Hand》你需要被治愈了！,翻唱,49277,1614,15912.899999999998
软件应用,一个动画看完美日太平洋战争【剧场版大电影】,人文历史,9846,294,3159.6
软件应用,童年的回忆，手艺人自制翻花。一分钟翻出十八样花，每一朵花还对应一个成语！,日常,130957,580,39693.1
软件应用,这才是国服关羽的咆哮，史诗绕后血拓千秋！【高燃集锦48期】,电子竞技,42312,811,13261.300000000001
软件应用,美国灵魂探测器是真的吗？我在中国科技实验室测试了它…,日常,68590,1926,21925.2
软件应用,女子便利店购物老板永远为其免单：你一定经历了无法承受的事,社科·法律·心理,55974,1682,17969.600000000002
软件应用,看咱这新法术多是一件美“逝”！！！！！【⑨斯基】,单机游戏,13495,358,4299.1
软件应用,一人得道，鸡犬升天......,搞笑,26751,297,8233.199999999999
软件应用,玩象棋为什么要开挂？这万宁象棋游戏给我破防了！,桌游棋牌,25651,396,7972.499999999999
软件应用,高加索大叔办了个蟒蛇宴，剥蛇皮方式超硬核，到底烤蛇肉好吃吗？,田园美食,28701,1304,9523.099999999999
软件应用,大饼画的好男友跑不了,搞笑,38825,1488,12689.1
软件应用,印度街头蛋糕。非常的卫生也很安全,美食侦探,109005,2438,34408.1
软件应用,骗赞服里来了一位巨能肝的妹子，扛起了建设圣诞小镇的重任！,单机游戏,17333,418,5492.5
软件应用,内蒙牧民家可以有多大？占地面积900个足球场！,汽车生活,18892,408,5953.2
软件应用,来个大佬帮我剪的悲伤一点,电子竞技,81516,1241,25323.5
软件应用,“18岁还没觉醒替身正常吗”,搞笑,83290,532,25359.4
软件应用,【汪苏泷的赶路日记】第一期，为大家带来一首《剑魂》！,明星综合,4793,1340,2375.8999999999996
软件应用,为了活下去，华为在2021年用了哪些续命大法？,数码,26821,3756,10675.5
软件应用,免费上映！超凡蜘蛛侠3应该是这样拍的！(游戏电影)《漫威/超凡蜘蛛侠3-战导剪辑版》,单机游戏,152583,1658,46935.5
软件应用,宝藏圣诞歌曲！《Candy Cane Lane》激情翻唱,翻唱,27914,1345,9315.699999999999
软件应用,爆肝6个月，我自制的浏览器主页迎来今年最大更新！,软件应用,24243,1610,8399.9
软件应用,【斯斯】圣 诞 快 乐 ｜互 动 视 频,日常,14635,606,4814.7
软件应用,请 领 取 ！你 的 2021 年 度 总 结 报 告 ！,日常,16711,219,5166.6
软件应用,国外恋综天花板，女嘉宾化成野兽去相亲，淘汰后现场卸妆颜值惊艳,综艺,16589,1744,6197.5
软件应用,猪柳蛋：你好，我是睡务局局长，需要在你家旅馆试睡一场,喵星人,41485,650,12900.5
软件应用,【RR中字】211224 MSSL 道枝骏佑&目黑莲CUT（1080P高清）,明星综合,9483,922,3490.3
软件应用,兰陵王对线元歌，满血就是斩杀线,电子竞技,48622,1091,15350.300000000001
软件应用,广东人在平安夜送礼有多严谨？,搞笑,58202,724,17967.399999999998
软件应用,【超级小桀】好冷静 好聪明的妹妹！,单机游戏,19877,882,6580.499999999999
软件应用,《 早 八 的 魅 力 》,搞笑,52291,1689,16869.6
软件应用,大司马上演《奇/葩/id/奇/遇/记》节目效果爆炸！！！！,电子竞技,49691,328,15136.9
软件应用,肝爆炸！史上最肝空岛第1集-没岩浆没石头怎么生存？我的世界,单机游戏,15802,498,5089.2
软件应用,假steam究竟有多离谱？up主以身试毒揭开假steam背后的秘密,软件应用,90180,5891,31177.7
软件应用,美味家常菜碳烤鲨鱼，干净又卫生,美食记录,62793,816,19409.1
软件应用,【SLOG】你知道沙漠2是什么吗！小卡！,搞笑,27989,1026,9114.9
软件应用,广州酒家 晚餐 厨子探店¥1235,美食侦探,60607,1749,19406.399999999998
软件应用,整鱼去骨，你们期待的灌汤黄鱼它来了！,美食制作,9270,321,3005.7
软件应用,【罗翔】妖精骗婚？法律倒真的没考虑过这个问题……,社科·法律·心理,85673,3259,27983.199999999997
软件应用,大清亡了，还有人叫溥仪皇帝？军阀下跪、总理磕头、名流觐见【闲木鱼】,人文历史,25382,1292,8519.0
软件应用,原来汉字还能这么用……,搞笑,34005,524,10568.3
软件应用,怎么会有这么喜欢狗狗的小猫咪！！,汪星人,34540,436,10667.2
软件应用,吉卜力作品神还原！耗时6个月，把破旧小屋变梦幻，这个圣诞夜我住进了借物小人阿莉埃蒂的动漫房间！,家居房产,15883,392,5039.299999999999
软件应用,满级幼崽，强大爆发力，这躲闪速度我都惊呆了,运动综合,119100,1670,36899.0
软件应用,广州酒家 早茶 厨子探店¥574,美食侦探,42599,1651,13935.399999999998
软件应用,大伙给评评理也行 崽奥达就是觉得太委屈了,搞笑,48135,872,15050.9
软件应用,【主播真会玩主机篇】149：配送员杨树使命必达，塔科夫的客户们记得给个好评,单机游戏,26668,425,8297.9
软件应用,你们要的反击视频来啦！！！,搞笑,35735,425,11018.0
软件应用,徐老师来巡山347：亚索机智坐车跑路，却被半路拦停！,电子竞技,36157,648,11300.7
软件应用,LOL教学服务真的靠谱吗??最高竟然要5899!!??,财经商业,30305,1551,10177.2
喵星人,【时代少年团】火力全开演唱会 幕后花絮,明星综合,98444,26753,48260.299999999996
喵星人,神曲翻唱《Take Me Hand》你需要被治愈了！,翻唱,49277,1614,15912.899999999998
喵星人,一个动画看完美日太平洋战争【剧场版大电影】,人文历史,9846,294,3159.6
喵星人,童年的回忆，手艺人自制翻花。一分钟翻出十八样花，每一朵花还对应一个成语！,日常,130957,580,39693.1
喵星人,这才是国服关羽的咆哮，史诗绕后血拓千秋！【高燃集锦48期】,电子竞技,42312,811,13261.300000000001
喵星人,美国灵魂探测器是真的吗？我在中国科技实验室测试了它…,日常,68590,1926,21925.2
喵星人,女子便利店购物老板永远为其免单：你一定经历了无法承受的事,社科·法律·心理,55974,1682,17969.600000000002
喵星人,看咱这新法术多是一件美“逝”！！！！！【⑨斯基】,单机游戏,13495,358,4299.1
喵星人,一人得道，鸡犬升天......,搞笑,26751,297,8233.199999999999
喵星人,玩象棋为什么要开挂？这万宁象棋游戏给我破防了！,桌游棋牌,25651,396,7972.499999999999
喵星人,高加索大叔办了个蟒蛇宴，剥蛇皮方式超硬核，到底烤蛇肉好吃吗？,田园美食,28701,1304,9523.099999999999
喵星人,大饼画的好男友跑不了,搞笑,38825,1488,12689.1
喵星人,印度街头蛋糕。非常的卫生也很安全,美食侦探,109005,2438,34408.1
喵星人,骗赞服里来了一位巨能肝的妹子，扛起了建设圣诞小镇的重任！,单机游戏,17333,418,5492.5
喵星人,内蒙牧民家可以有多大？占地面积900个足球场！,汽车生活,18892,408,5953.2
喵星人,来个大佬帮我剪的悲伤一点,电子竞技,81516,1241,25323.5
喵星人,“18岁还没觉醒替身正常吗”,搞笑,83290,532,25359.4
喵星人,【汪苏泷的赶路日记】第一期，为大家带来一首《剑魂》！,明星综合,4793,1340,2375.8999999999996
喵星人,为了活下去，华为在2021年用了哪些续命大法？,数码,26821,3756,10675.5
喵星人,免费上映！超凡蜘蛛侠3应该是这样拍的！(游戏电影)《漫威/超凡蜘蛛侠3-战导剪辑版》,单机游戏,152583,1658,46935.5
喵星人,宝藏圣诞歌曲！《Candy Cane Lane》激情翻唱,翻唱,27914,1345,9315.699999999999
喵星人,爆肝6个月，我自制的浏览器主页迎来今年最大更新！,软件应用,24243,1610,8399.9
喵星人,【斯斯】圣 诞 快 乐 ｜互 动 视 频,日常,14635,606,4814.7
喵星人,请 领 取 ！你 的 2021 年 度 总 结 报 告 ！,日常,16711,219,5166.6
喵星人,国外恋综天花板，女嘉宾化成野兽去相亲，淘汰后现场卸妆颜值惊艳,综艺,16589,1744,6197.5
喵星人,猪柳蛋：你好，我是睡务局局长，需要在你家旅馆试睡一场,喵星人,41485,650,12900.5
喵星人,【RR中字】211224 MSSL 道枝骏佑&目黑莲CUT（1080P高清）,明星综合,9483,922,3490.3
喵星人,兰陵王对线元歌，满血就是斩杀线,电子竞技,48622,1091,15350.300000000001
喵星人,广东人在平安夜送礼有多严谨？,搞笑,58202,724,17967.399999999998
喵星人,【超级小桀】好冷静 好聪明的妹妹！,单机游戏,19877,882,6580.499999999999
喵星人,《 早 八 的 魅 力 》,搞笑,52291,1689,16869.6
喵星人,大司马上演《奇/葩/id/奇/遇/记》节目效果爆炸！！！！,电子竞技,49691,328,15136.9
喵星人,肝爆炸！史上最肝空岛第1集-没岩浆没石头怎么生存？我的世界,单机游戏,15802,498,5089.2
喵星人,假steam究竟有多离谱？up主以身试毒揭开假steam背后的秘密,软件应用,90180,5891,31177.7
喵星人,美味家常菜碳烤鲨鱼，干净又卫生,美食记录,62793,816,19409.1
喵星人,【SLOG】你知道沙漠2是什么吗！小卡！,搞笑,27989,1026,9114.9
喵星人,广州酒家 晚餐 厨子探店¥1235,美食侦探,60607,1749,19406.399999999998
喵星人,整鱼去骨，你们期待的灌汤黄鱼它来了！,美食制作,9270,321,3005.7
喵星人,【罗翔】妖精骗婚？法律倒真的没考虑过这个问题……,社科·法律·心理,85673,3259,27983.199999999997
喵星人,大清亡了，还有人叫溥仪皇帝？军阀下跪、总理磕头、名流觐见【闲木鱼】,人文历史,25382,1292,8519.0
喵星人,原来汉字还能这么用……,搞笑,34005,524,10568.3
喵星人,怎么会有这么喜欢狗狗的小猫咪！！,汪星人,34540,436,10667.2
喵星人,吉卜力作品神还原！耗时6个月，把破旧小屋变梦幻，这个圣诞夜我住进了借物小人阿莉埃蒂的动漫房间！,家居房产,15883,392,5039.299999999999
喵星人,满级幼崽，强大爆发力，这躲闪速度我都惊呆了,运动综合,119100,1670,36899.0
喵星人,广州酒家 早茶 厨子探店¥574,美食侦探,42599,1651,13935.399999999998
喵星人,大伙给评评理也行 崽奥达就是觉得太委屈了,搞笑,48135,872,15050.9
喵星人,【主播真会玩主机篇】149：配送员杨树使命必达，塔科夫的客户们记得给个好评,单机游戏,26668,425,8297.9
喵星人,你们要的反击视频来啦！！！,搞笑,35735,425,11018.0
喵星人,徐老师来巡山347：亚索机智坐车跑路，却被半路拦停！,电子竞技,36157,648,11300.7
喵星人,LOL教学服务真的靠谱吗??最高竟然要5899!!??,财经商业,30305,1551,10177.2
数码,【时代少年团】火力全开演唱会 幕后花絮,明星综合,98444,26753,48260.299999999996
数码,神曲翻唱《Take Me Hand》你需要被治愈了！,翻唱,49277,1614,15912.899999999998
数码,一个动画看完美日太平洋战争【剧场版大电影】,人文历史,9846,294,3159.6
数码,童年的回忆，手艺人自制翻花。一分钟翻出十八样花，每一朵花还对应一个成语！,日常,130957,580,39693.1
数码,这才是国服关羽的咆哮，史诗绕后血拓千秋！【高燃集锦48期】,电子竞技,42312,811,13261.300000000001
数码,美国灵魂探测器是真的吗？我在中国科技实验室测试了它…,日常,68590,1926,21925.2
数码,女子便利店购物老板永远为其免单：你一定经历了无法承受的事,社科·法律·心理,55974,1682,17969.600000000002
数码,看咱这新法术多是一件美“逝”！！！！！【⑨斯基】,单机游戏,13495,358,4299.1
数码,一人得道，鸡犬升天......,搞笑,26751,297,8233.199999999999
数码,玩象棋为什么要开挂？这万宁象棋游戏给我破防了！,桌游棋牌,25651,396,7972.499999999999
数码,高加索大叔办了个蟒蛇宴，剥蛇皮方式超硬核，到底烤蛇肉好吃吗？,田园美食,28701,1304,9523.099999999999
数码,大饼画的好男友跑不了,搞笑,38825,1488,12689.1
数码,印度街头蛋糕。非常的卫生也很安全,美食侦探,109005,2438,34408.1
数码,骗赞服里来了一位巨能肝的妹子，扛起了建设圣诞小镇的重任！,单机游戏,17333,418,5492.5
数码,内蒙牧民家可以有多大？占地面积900个足球场！,汽车生活,18892,408,5953.2
数码,来个大佬帮我剪的悲伤一点,电子竞技,81516,1241,25323.5
数码,“18岁还没觉醒替身正常吗”,搞笑,83290,532,25359.4
数码,【汪苏泷的赶路日记】第一期，为大家带来一首《剑魂》！,明星综合,4793,1340,2375.8999999999996
数码,为了活下去，华为在2021年用了哪些续命大法？,数码,26821,3756,10675.5
数码,免费上映！超凡蜘蛛侠3应该是这样拍的！(游戏电影)《漫威/超凡蜘蛛侠3-战导剪辑版》,单机游戏,152583,1658,46935.5
数码,宝藏圣诞歌曲！《Candy Cane Lane》激情翻唱,翻唱,27914,1345,9315.699999999999
数码,爆肝6个月，我自制的浏览器主页迎来今年最大更新！,软件应用,24243,1610,8399.9
数码,【斯斯】圣 诞 快 乐 ｜互 动 视 频,日常,14635,606,4814.7
数码,请 领 取 ！你 的 2021 年 度 总 结 报 告 ！,日常,16711,219,5166.6
数码,国外恋综天花板，女嘉宾化成野兽去相亲，淘汰后现场卸妆颜值惊艳,综艺,16589,1744,6197.5
数码,猪柳蛋：你好，我是睡务局局长，需要在你家旅馆试睡一场,喵星人,41485,650,12900.5
数码,【RR中字】211224 MSSL 道枝骏佑&目黑莲CUT（1080P高清）,明星综合,9483,922,3490.3
数码,兰陵王对线元歌，满血就是斩杀线,电子竞技,48622,1091,15350.300000000001
数码,广东人在平安夜送礼有多严谨？,搞笑,58202,724,17967.399999999998
数码,【超级小桀】好冷静 好聪明的妹妹！,单机游戏,19877,882,6580.499999999999
数码,《 早 八 的 魅 力 》,搞笑,52291,1689,16869.6
数码,大司马上演《奇/葩/id/奇/遇/记》节目效果爆炸！！！！,电子竞技,49691,328,15136.9
数码,肝爆炸！史上最肝空岛第1集-没岩浆没石头怎么生存？我的世界,单机游戏,15802,498,5089.2
数码,假steam究竟有多离谱？up主以身试毒揭开假steam背后的秘密,软件应用,90180,5891,31177.7
数码,美味家常菜碳烤鲨鱼，干净又卫生,美食记录,62793,816,19409.1
数码,【SLOG】你知道沙漠2是什么吗！小卡！,搞笑,27989,1026,9114.9
数码,广州酒家 晚餐 厨子探店¥1235,美食侦探,60607,1749,19406.399999999998
数码,整鱼去骨，你们期待的灌汤黄鱼它来了！,美食制作,9270,321,3005.7
数码,【罗翔】妖精骗婚？法律倒真的没考虑过这个问题……,社科·法律·心理,85673,3259,27983.199999999997
数码,大清亡了，还有人叫溥仪皇帝？军阀下跪、总理磕头、名流觐见【闲木鱼】,人文历史,25382,1292,8519.0
数码,原来汉字还能这么用……,搞笑,34005,524,10568.3
数码,怎么会有这么喜欢狗狗的小猫咪！！,汪星人,34540,436,10667.2
数码,吉卜力作品神还原！耗时6个月，把破旧小屋变梦幻，这个圣诞夜我住进了借物小人阿莉埃蒂的动漫房间！,家居房产,15883,392,5039.299999999999
数码,满级幼崽，强大爆发力，这躲闪速度我都惊呆了,运动综合,119100,1670,36899.0
数码,广州酒家 早茶 厨子探店¥574,美食侦探,42599,1651,13935.399999999998
数码,大伙给评评理也行 崽奥达就是觉得太委屈了,搞笑,48135,872,15050.9
数码,【主播真会玩主机篇】149：配送员杨树使命必达，塔科夫的客户们记得给个好评,单机游戏,26668,425,8297.9
数码,你们要的反击视频来啦！！！,搞笑,35735,425,11018.0
数码,徐老师来巡山347：亚索机智坐车跑路，却被半路拦停！,电子竞技,36157,648,11300.7
数码,LOL教学服务真的靠谱吗??最高竟然要5899!!??,财经商业,30305,1551,10177.2
