时间,点赞,评论
2021.12.22,806,为什么被少女刀了第一反应是心疼摄像机啊，而且还配的那么传神[喜极而泣][喜极而泣][喜极而泣]
2021.12.19,5121,太太今天穿的什么颜色呀[脸红]
2021.12.19,2702,太太配的很好！！！三连支持！！！[打call]
2021.12.19,1401,希望绫人太太配音DIO的点个赞
2021.12.19,865,原作推特画师安田现象，都是没有配音的gif推特@gensho_yasuda喜欢可以去关注[Cat_coffeebath]
2021.12.19,321,《关于太太因为配不好而请求得到一个配音指导》[doge]
2021.12.19,616,公告:今日，《地球ol》出现了某up粉丝莫名发情情况，我们的技术人员已经在处理了，希望各位玩家能够继续安心游戏——《地球ol》运营组[doge]
2021.12.20,69,太太能不能配一次王喜顺圣经《啊对对对》[doge][doge]我用两个币加关注跟你换[doge]
2021.12.19,185,纯路人，第一次进来就被up的声音所折服了，一直想不通为什么这么好的视频点赞投币不多呢？明明有这么多粉丝的，不会真有粉丝不但不给三连，甚至连币也不投赞也不点吧，真是太过分了[傲娇]
2021.12.21,24,太太可以把安田老师的作品都配上一遍吗！超想听的[打call][打call][打call]
2021.12.22,7,依旧能想起直播的时候太太配的绝望求救的样子啊哈哈哈哈哈[脸红][doge]
2021.12.22,2,红头发让我总以为是迪卢克（bushi）
2021.12.19,45,太太太太太太乐
2021.12.20,16,太太，以后能不能多配一点点这种无口少女啊，我觉得我突然发现了我的xp，好好听
2021.12.19,22,卧↑～槽！
2021.12.19,9,哇，很喜欢这个系列，希望可以继续配这些[热词系列_三连]
2021.12.20,7,我想听昨天晚上太太的asmr[doge]
2021.12.19,7,在奇怪时间直播的太太[doge]
2021.12.19,12,@理と迷宮の少女蓮華[脱单doge]
2021.12.22,2,本期主题：额的生煎！
2021.12.21,2,没事，叫那娃过来，它伤不到俺[doge][脱单doge]
2021.12.21,2,斯巴拉西！！！！[脸红]
2021.12.21,2,你做得好，你做得好啊！
2021.12.20,2,00：32
2021.12.20,5,昨天B站居然没有推给我。[傲娇][傲娇]
2021.12.19,11,太太下次水印可以试试稍微靠下一点挨着字幕试试吗？感觉那样也挺好的
2021.12.19,4,一个人就是一部剧的配音演员，真是厉害的姐姐[微笑]
2021.12.20,4,省流：没有二仙桥声线
2021.12.20,3,省流：这期没有大爷[狗子]
2021.12.20,3,哦哦哦太太配了这个！！！终于看到有配音的了！！好想抱着太太绕操场跑十圈啊(*¯︶¯*)
2021.12.19,4,"这个，我记得哔站专门有搬运的，特别流畅的感觉
那个吃手的没有啊[doge]"
2021.12.19,2,你配的好啊
2021.12.23,1,双厨狂喜
2021.12.23,1,配得好棒，感觉赋予了灵魂！
2021.12.19,11,wc，双厨狂喜，两位老师都好棒[打call][打call]
2021.12.23,1,好！
2021.12.19,3,今天是空气哦[脱单doge]
2021.12.23,1,什么番？
2021.12.23,1,这次你配音不行，无声版才是最棒的
2021.12.21,1,有授权吗？
2021.12.22,1,还不如把枪给我，👴比你打的准多了。
2021.12.21,1,这啥番啊
2021.12.23,1,她还是那么想刀我
2021.12.21,1,给了三连可以把内裤还给我吗[脸红]
2021.12.22,1,太太冲冲冲！[打call]
2021.12.22,1,[脸红]
2021.12.22,1,感觉语气“哼，啊，啊呜……”之类的太多了，听起来有点尬，当然配的还是很好的
2021.12.20,2,太太今天穿的纯白色呢
2021.12.19,2,求求你了，出道吧[大哭][大哭]
2021.12.23,4,op真下头
2021.12.23,1,[脸红]
2021.12.22,2,"此刻动画区排行榜1,2,8,9都是原神相关，4是mhy鹿鸣，6的UP主叫凌人太太啊。黑暗笼罩B站动画区[doge]"
2021.12.22,1,看的我想结婚了[doge]
2021.12.21,1,没配音的时候，我还以为，第一段我本来想说你不要过来呀！但发现拍视频的也是女生，所以就制止了这行为
2021.12.20,1,果然还是太太配的好，比某些摆烂蹭热度的好多了
2021.12.20,1,没看懂 所以这是重要的还是不重要的 对比呢
2021.12.20,1,卧槽！
2021.12.20,1,🥵🥵🥵
2021.12.20,1,太太什么时候出道，等你的第一个作品！
2021.12.20,1,[来古-震撼]贴贴
2021.12.20,1,喜欢二次元的女生٩(๛ ˘ ³˘)۶❤
2021.12.20,1,第三个画面，吓得我手机差点掉茅坑。
2021.12.20,1,一看就是有点东西的，不是随便配的[歪嘴][歪嘴]
2021.12.20,1,[大笑]
2021.12.20,1,代入感一下就上来了，太太好棒三连奉上！
2021.12.20,1,嗯～妈呀，哦一系呀哦一系
2021.12.20,1,厉害了三连关注了！真的很棒啊
2021.12.20,1,这几天内裤都洗干净了，就怕太太忽然问我穿什么样的内裤，我都要一份[doge]
2021.12.20,1,双厨狂喜[打call]
2021.12.20,1,昨晚直播在现场，原来录的就是这个视频呀[脸红]
2021.12.20,1,双厨狂喜了属于是[脱单doge]
2021.12.20,1,这期真的特喜欢。。希望能多来点，尤其最后的声线真的太喜欢了
2021.12.20,1,这个作者真的好厉害
2021.12.20,1,请问这里面都是什么番？up配的很好，超感兴趣
2021.12.20,1,[初音未来_nice]
2021.12.20,1,太可爱了太太！！
2021.12.20,1,好耶是少女现象！[给心心][给心心]
2021.12.20,1,太棒了
2021.12.20,1,这个真的是赋予了灵魂[星星眼]
2021.12.19,1,这个作画分镜已经比现在其他的动画好好太多了。
2021.12.19,1,a  wsl
2021.12.19,1,少女音好带感[惊喜]
2021.12.19,1,天才啊
2021.12.19,1,老婆
2021.12.19,1,安田现象
2021.12.19,1,身临其境，很有感觉。
2021.12.19,1,[脸红][脸红]
2021.12.19,1,[有栖mana_打call]
2021.12.19,1,[脸红]
2021.12.19,1,请up标明出处吧 这个好像是哔站某up做的动画[脸红]
2021.12.19,1,这咋还睡得着啊
2021.12.19,1,[脸红]
2021.12.19,1,配得好棒好可爱好生动！[跪了][跪了]
2021.12.19,1,我一直以为是脑袋落地，谢谢你，相机
2021.12.19,1,好牛逼！不同的语气完全就是不一样的性格了！好棒啊啊啊！
2021.12.19,1,[脸红][脸红][脸红]
2021.12.19,1,这是我的币，这是我的赞，这是我的收藏[热词系列_三连]
2021.12.19,1,最后的那个声线好喜欢啊
2021.12.19,1,这类是什么动漫啊
2021.12.19,1,这是我的币，这是我的赞，这是我的收藏[热词系列_三连]
2021.12.19,1,最后的那个声线好喜欢啊
2021.12.19,1,这类是什么动漫啊
2021.12.19,1,这不是莲华的作品么
2021.12.19,1,什么动漫？还是游戏？
2021.12.19,1,卧槽！！太灵魂了。
2021.12.19,1,[嗑瓜子][嗑瓜子][嗑瓜子]我只收藏
2021.12.19,1,是番剧吗 什么番
2021.12.19,1,第一个出场的动漫什么名字啊
2021.12.19,1,[脸红]
2021.12.19,1,[脸红]
2021.12.19,1,喜欢红发美少女[脸红]
2021.12.19,1,什么番
2021.12.19,1,太太我给你三连了但是我想问你个问题  你今天穿的什么颜色[脸红]
2021.12.19,1,三连大大滴有[脸红]
2021.12.19,1,(=・ω・=)
2021.12.19,1,点赞投币不收藏，我是不是很聪明[doge]
2021.12.19,1,0:33
2021.12.19,1,切瓜的那个呢
2021.12.19,1,太太，水印要会动[OK]
2021.12.19,1,[脸红]
2021.12.19,1,好耶
2021.12.19,1,这个是什么动漫吗？哪位好心人能告诉吗？[脸红][脸红]
2021.12.19,1,这不是少女现象吗
2021.12.19,1,我的头还不是摄像头我还能不能找到对象[热词系列_破防了]
2021.12.19,1,双厨狂喜，少女印象跟绫人太太欧耶
2021.12.19,1,狗乔伊不出视频了，那多余的币我投给你罢
2021.12.19,1,拥有了太太大概就拥有了整个二次元吧
2021.12.19,1,卧~~~槽！欧尼~~酱！你怎么这么熟练啊！！
2021.12.19,1,太太你都80W粉了 当初关注你才几万
2021.12.19,1,太太考虑配个怀民亦未寝吗[doge]
2021.12.19,1,我滴圣剑
2021.12.19,1,居然还是百合戏！！！杀了我！！！杀了我给这对儿助兴！！！
2021.12.19,1,在想骚话试图借此引起我太太注意的你们真的好笑[doge]
2021.12.19,1,[tv_流鼻血][tv_流鼻血][tv_流鼻血]
2021.12.19,1,白嫖党终究失败，但是我宁死不屈[脱单doge]
2021.12.19,1,301来了，太太好啊[OK]
2021.12.19,1,最近都是安田老师作品的配音，老师要火[打call]
2021.12.19,1,我朋友说他好了[脱单doge]
2021.12.19,1,太太今天穿的什么颜色呀[脸红]
2021.12.19,1,301来了，太太好啊[OK]
2021.12.19,1,最近都是安田老师作品的配音，老师要火[打call]
2021.12.19,1,我朋友说他好了[脱单doge]
2021.12.19,1,太太今天穿的什么颜色呀[脸红]
2021.12.19,1,hi老婆[doge]
2021.12.19,1,不懂就问，这是什么番
2021.12.19,1,✿ヽ(°▽°)ノ✿
2021.12.19,1,太太啊太太，没有太太我会坏掉的....啊
2021.12.19,1,我... 真的心动了[爱心][给心心][喜欢]
2021.12.19,1,蛮心疼相机的
2021.12.19,1,速い!ぶっちゃけ!今日の下着の色は何色!！！！[藏狐]
2021.12.19,1,直播的时候都快听笑岔气了，再次看到这个卧槽还是没忍住[脸红][脸红][脸红]
2021.12.19,1,白嫖up 真香
2021.12.19,1,每日任务  卧槽（1/1）[doge]
2021.12.19,1,[微笑]
2021.12.19,1,我三连了，还有，今天我穿的是粉玫瑰花纹[脸红]
2021.12.19,1,这种视频剪辑往往需要庞大的阅片量和工作量，而且还要往返观看看视频衔接过渡是否顺畅，还要耗费很多时间，所以看在up主那么辛苦的份上，能不能给我点个赞[doge]
2021.12.19,1,今天穿的蓝白碗太太要来杀我吗[藏狐]
2021.12.19,1,偷偷关注好久了，哎嘿嘿嘿嘿嘿嘿[藏狐]
2021.12.19,1,卧槽，吾爱惜蒂斯！[滑稽]
2021.12.19,1,卧槽~[脸红]好喜欢御姐音[脱单doge]
2021.12.19,1,高产似太太[doge]
2021.12.19,1,太太多来一点啊，我什么都会做的
2021.12.19,1,那节个被手指指的视频没人撅屁股吗[doge][doge]
2021.12.19,1,前面的战斗是什么番？
2021.12.19,1,太太的每个视频都有热门的潜力[热词系列_好耶]
2021.12.19,1,整一个pop子和pipi美[doge]
2021.12.19,1,《卧槽》
2021.12.19,1,[脸红]
2021.12.19,1,后来她去b站当了up主，而我留在了原地，风终究吹不到天空，平凡的我也配不上她，我依旧叫她绫人同学，而她只叫我三连[藏狐]
2021.12.19,1,生草
2021.12.19,1,莲华大大！
2021.12.19,1,好奇问问，这个系列短片有没有原版作者的b站号
2021.12.19,1,内裤太太好[热词系列_夺笋呐]
2021.12.19,1,这是什么番！
2021.12.19,1,[恋乃夜舞_心][恋乃夜舞_好耶]
2021.12.19,1,太太不休息了吗
2021.12.19,1,双厨狂喜
2021.12.19,1,梦幻配音！
2021.12.19,1,太太我今天没穿[脱单doge]
2021.12.19,1,只有我可以被太太调教[滑稽]
2021.12.19,1,tql
2021.12.19,1,嫂子的出处都是那，大哥们知道吗
2021.12.19,1,双厨狂喜[脱单doge]
2021.12.19,1,很喜欢最后一句[doge]
2021.12.19,1,太太我今天也喜歡你✿ヽ(°▽°)ノ✿
2021.12.19,1,为什么最近安田现象的二创配音这么火呀
2021.12.19,1,多来点
2021.12.19,1,呜哇！吃面包的少女终于能发语音了[大哭][大哭][大哭][大哭][大哭]
2021.12.19,1,芜湖[热词系列_芜湖起飞]
2021.12.19,1,这个画质[哭泣]
2021.12.19,1,是不是少了个少女提刀从楼顶跳下去的一场。。
2021.12.19,1,对象对我进行家暴，恶婆婆对我冷嘲热讽，最好的闺蜜竟在我家勾引我老公。我无数次的忍耐与原谅换来的只有变本加厉。忍无可忍就无需再忍，原来今天是疯狂星期天，谁请我肯德基，吃完继续倾听我的复仇计划
2021.12.19,1,太太晚上好[羞羞]
2021.12.19,1,太太，私信你你也不回复我，我只想告诉你，今天的我没～穿～哦～
2021.12.19,1,这是什么动漫呀，看起来挺好玩的
2021.12.19,1,太太今天可定没穿！[doge]
2021.12.19,1,双厨狂喜！
2021.12.19,1,这是啥番？[鼓掌]
2021.12.19,1,直播从直播间无缝衔接过来[脱单doge]
2021.12.19,1,芜湖！！安田现象！！！
2021.12.19,1,刚才在直播间疯狂卡壳，这会儿总算是看到成品了
2021.12.19,1,竟然联动了[给心心][给心心][给心心]
2021.12.19,1,不要多嘴[阴险]
2021.12.19,1,只能听到大的好难受
2021.12.19,1,嘶哈嘶哈是太太[脱单doge]
2021.12.19,1,太太：大家消停点，别再私聊我内衣颜色了。（一分钟后）我今天的内衣是肉色的，大家的是什么颜色，快点告诉我.jpg[doge]
2021.12.19,1,卧槽
2021.12.19,1,报告太太，今天是灰色的[脱单doge]
2021.12.19,1,直播在逃人员[脱单doge]
2021.12.19,1,《论配音指导的重要性》
2021.12.19,1,绫人太太，著名卧槽区up主[狗子]
2021.12.19,1,太太骂我，斯哈斯哈~~[泠鸢yousa_加大力度][泠鸢yousa_加大力度]
2021.12.19,1,不可能想出热评了…唉（我是太太的狗）
2021.12.19,1,太太总是能精准地预知我在看什么[羞羞]
2021.12.19,1,我要给太太的狗做绝育[保卫萝卜_哇]
2021.12.19,1,老婆回我[脸红][藏狐][doge][微笑][OK][星星眼]
2021.12.19,1,太太御姐声线真的是太棒了！
2021.12.19,1,好耶！双厨狂喜！是安田老师和太太同台啊啊
2021.12.19,1,我今天穿的白的哦[给心心][给心心][给心心]
2021.12.19,1,woc[doge]
2021.12.19,1,没有叼面包那个动画我不是很认可[狗子]
2021.12.19,1,太太我今天也穿肉色的
2021.12.19,1,卧槽[脸红]
2021.12.19,1,这些都是啥番？？？
2021.12.19,1,@理と迷宮の少女蓮華
2021.12.19,1,难得来到太太没过万的视频，留个沙发，有人来排排坐吗？[doge]
2021.12.19,1,daisiki
2021.12.19,1,视频里的短发姑娘是不是就是太太呢[doge]
2021.12.19,1,彦祖  我知道你想听这个  00:32
2021.12.19,1,[藏狐]
2021.12.19,1,本期含焯！
2021.12.19,1,可恶，那么前排想不起来骚话[脱单doge]
2021.12.19,1,众所周知，太太只会三种声线
2021.12.19,1,不会说骚话，各位有什么头绪吗[脱单doge][脱单doge]
2021.12.19,1,没有骚话
2021.12.19,1,[doge]今天是肉色的
2021.12.19,1,百合贴贴！[吃瓜]
2021.12.19,1,養好了
2021.12.19,1,好耶
2021.12.19,1,[doge]今天是肉色的
2021.12.19,1,百合贴贴！[吃瓜]
2021.12.19,1,養好了
2021.12.19,1,好耶
2021.12.19,1,好耶，太太配安田现象了
2021.12.19,1,给我啊啊啊啊啊啊啊啊
2021.12.19,1,《你在看别的女人吗？》
2021.12.19,1,[给心心][给心心]
2021.12.19,1,早早的打卡
2021.12.19,1,嗷，腹黑病娇嗷，太太您把我阉了吧[喜欢]
2021.12.19,1,在现场听到过WC
2021.12.19,1,一分钟前，老婆，嘿嘿[来古-注意]
2021.12.19,1,我是太太的狗！
2021.12.19,1,来了来了！！
2021.12.19,1,枪声配的好啊太太
2021.12.19,1,太太为什么下播了
2021.12.19,1,哇！赶上了新鲜的！
2021.12.19,1,被我看到了
2021.12.19,1,来了[给心心]
2021.12.19,1,一播放116点赞[脸红]
2021.12.19,1,[热词系列_妙啊]
2021.12.19,1,啊？。？。怎么没弹幕
2021.12.19,1,前排，太太我爱你[喜欢]
2021.12.19,1,双厨狂喜欸
2021.12.19,1,太快了
2021.12.19,1,卧槽[doge]
2021.12.19,1,卧槽[不问天_赞]
2021.12.19,1,卧槽
2021.12.19,1,这种视频再给我来一打！
2021.12.19,1,论评论快速的重要性
2021.12.19,4,太太我今天穿的黑色的哦[doge]
2021.12.19,2,卧槽厉害啊，原素材在tiktok看过，加了配音又是另一种感觉
2021.12.19,2,在现场，太太当场配的[脱单doge]
2021.12.19,2,配得很好 奖励你再配1伯个视频[支持]
2021.12.21,1,@常态佰家
2021.12.20,1,额滴肾剑，额滴肾剑，啊！啊啊啊啊！
2021.12.20,1,声音不自然
2021.12.20,1,好耶，是现象老师的作品[脱单doge]
2021.12.20,1,什么时候放飞自我
2021.12.20,1,话说第二个叫什么名字[鼓掌]
2021.12.20,1,安田老师！！
2021.12.20,1,画质感人肺腑之言足以证明
2021.12.20,1,芜湖
2021.12.20,1,[脸红]
2021.12.20,1,你戳我眼是吧
2021.12.20,1,好活，总算有个配音[给心心]
2021.12.20,1,[脸红][脸红]
2021.12.20,1,什么番啊[脸红]
2021.12.20,1,内个 第一个原出处是啥啊
2021.12.20,1,这个卧槽是多么自然啊
2021.12.20,1,[脸红]
2021.12.20,1,卧槽字正腔圆[吃瓜]
2021.12.20,1,太软了，不适合安田效应
2021.12.20,1,[脸红]
2021.12.20,1,挺有趣的
2021.12.20,1,我的天，难得太太今儿不整活，好听啊！！
2021.12.20,1,这，授权了吗，授权了在简介写一下
2021.12.20,1,这声音听着就很大[脸红]
2021.12.20,1,攒了这么多年的币，我终于知道用在哪里了。
2021.12.20,1,那句卧槽不太明显，新人可能会觉得，这原片有啥好看的[doge]
2021.12.20,1,看了这么多，这居然是最正常的
2021.12.20,1,莫笑狐人一只眼
2021.12.20,1,好！在现场，我是相机
2021.12.20,1,记忆仍然停留在：你看看我呀，焯！[doge]
2021.12.20,1,啊 是太太啊 啊啊啊啊 好喜欢啊
2021.12.20,1,最后的声线，喜欢啊[脸红][脸红]
2021.12.20,1,太太我投了 能看看我穿的肉色吗
2021.12.20,1,最后缓冲了是吧
2021.12.20,1,没有额滴圣剑我不是很能接受
2021.12.20,1,太棒了，有生之年[doge]
2021.12.20,1,配的真好，你币有了[热词系列_你币有了]
2021.12.20,1,梦幻联动
2021.12.20,1,梦幻联动
2021.12.20,1,很真实，前面被戳瞎一只眼，所以最后戴面具只有一只眼能看见[藏狐]
2021.12.20,1,原片是什么，求[蛆音娘_偷看]
2021.12.20,1,"4级号是一种可怕的猫科生物，它会试图吃掉所有路过的3级号，并发出呼呼的低吼
(=・ω・=)"
2021.12.20,1,[脸红] 脸红什么
2021.12.20,1,好棒[脸红]
2021.12.20,1,这也太强了吧
2021.12.19,1,双厨狂喜！[热词系列_好耶]
2021.12.19,1,每日一焯
2021.12.19,1,太太时不时插一句国语是真的很上头。之前那个giegie我看了2个月了每天一遍[妙啊]
2021.12.19,1,这个大佬的作品也开始被多人二创了呢
2021.12.19,1,卧槽
2021.12.19,1,黑短发妹妹太让我心动了！！！！！冷淡音太勾人了！！！！妹妹，砸我，砸我，使劲儿砸我，砸死我[喜欢][喜欢][喜欢]
2021.12.19,1,太太终究还是对内衣失去了兴趣[doge]
2021.12.19,1,好家伙
2021.12.22,1,看的我想结婚了[doge]
2021.12.21,1,开头为啥我听到了卧槽。
2021.12.21,1,多来点现象配音呀，三连了。
2021.12.21,1,我依然在寻找那个用四川话嘴臭我的视频
2021.12.21,1,手机提示有人更新很快啊我就想到了是我最爱的太太然后发现是几天前的视频你妹的哔哩哔哩[藏狐]
2021.12.21,1,卡没啦！
2021.12.21,1,天呐，好喜欢最后一个声音啊
2021.12.21,1,@墨墨一碰就倒
2021.12.21,1,我喜欢御姐音[doge]
2021.12.21,1,再次感叹声优都是怪物~
2021.12.21,1,卧槽
2021.12.21,1,[脸红][脸红][脸红]很好! 再来![保卫萝卜_笔芯][给心心]
2021.12.21,1,终于配这个系列的了吗[打call]
2021.12.21,1,"要我说女孩子呀，各有各的漂亮法。
有的眉目清泠，像是一整季的雪水都融在了她的眼睛里。
有的酒窝甜蜜，她笑一笑漫山遍野的风声都要消息。
有的天生绵软，你朝她挨过去，像碰着了一团云。
有的发汗时竟能生出浅浅的香气，散在天地间顿觉云销雨霁。
如何不漂亮呢? 她若是瘦，你便看她伸懒腰时优雅得像天鹅抻颈。
她若丰盈，你便看她日光底下肌肤亮起时有多绮丽。
她若生斑，你便赞她漂亮得发光上帝这才在她的眼角鼻翼投下了淡淡的影。
她若佝偻，你便赞她小小只多秀气刚刚好搂在怀里。
你瞧，女孩子生来就漂亮得不讲道理。就像甘雨一样，蘸上四分黄昏，三分月色，两分微醺，也写不出一分她的可爱[害羞]"
2021.12.21,1,我觉得恶搞好像挺有搞头的，像是骂我，或者鄙视我之类的[doge]，软声显得太普通寻常了
2021.12.21,1,这动画片是啥？
2021.12.21,1,全体目光向我看齐，我宣布个事，我是绫人[doge]
2021.12.21,1,话说这个动画是什么？想问一下[微笑]
2021.12.21,1,好棒！[雪狐桑_好棒]
2021.12.21,1,最后一个片段居然没有把我刀了
2021.12.21,1,这是什么动漫，还是游戏？
2021.12.21,1,昨天在直播间有幸听到太太配音[害羞]
2021.12.21,1,额滴圣剑！
2021.12.21,1,盖亚
2021.12.21,1,毫无违和感！
2021.12.21,1,这个作者突然又火了
2021.12.21,1,好家伙，双厨狂喜
2021.12.21,1,肯尼迪坐敞篷车——脑洞大开
2021.12.21,1,谢谢大家关注我太太
2021.12.20,1,[脸红][脸红]
2021.12.20,1,草 降智面具
2021.12.20,1,正在缓冲...[doge]
2021.12.20,1,《卧槽》[doge]
2021.12.20,1,[脸红][脸红]
2021.12.20,1,草 降智面具
2021.12.20,1,正在缓冲...[doge]
2021.12.20,1,《卧槽》[doge]
2021.12.20,1,第一个是什么番？
2021.12.20,1,双厨狂喜
2021.12.20,1,这是动漫吗，如果是的话，请告诉我名字
2021.12.20,1,卧槽
2021.12.20,1,太太今天穿的什么颜色呀[脸红][脸红][脸红][脸红][脸红]
2021.12.20,1,是不是被黄金船附体了啊，34秒哪里
2021.12.20,1,三连换赞[doge]
2021.12.20,1,太太有空有机会去配动漫，游戏吧
2021.12.20,1,奎恩打卡特
2021.12.20,1,[脸红]
2021.12.20,1,《卧槽》
2021.12.20,1,在直播听完了全部
2021.12.20,1,我以为是神里他哥来CV了
2021.12.20,1,这个小短片系列很好看，建议去关注一下
2021.12.20,1,能整个闹铃音乐啥的不，大早上的听见得多带劲，生活得多美好[妙啊]
2021.12.20,1,[热词系列_燃起来了]专业！
2021.12.20,1,“我是都督，了解我的人都知道，我是个胆小，且卑微的男孩子，今天却要来配音了，真是感觉，好！害！怕！呀！”
2021.12.20,1,字正腔圆的“卧槽”
2021.12.20,1,AWSL
2021.12.20,1,太太我喜欢你啊！
2021.12.20,1,有考虑出道卷死ta们吗
2021.12.20,1,开局中刀卧槽？？？
2021.12.22,1,"咔美辣！！！！
[Cat2_Boom!][Cat2_Boom!]"
2021.12.21,1,现象老师的作品太棒了！太太配音好好听[来古-注意]
2021.12.21,1,那个卧槽我蚌埠住了
2021.12.21,1,凌人的太太？[思考]
2021.12.22,1,《卧槽》
2021.12.22,1,我焯，爷真好看
2021.12.22,1,快来杀我[脸红]（迫切
2021.12.22,1,“卧槽”
2021.12.21,1,事实证明，旁白跟摄影师并不安全[doge]
2021.12.21,1,我是新粉，听说有特殊服务[脱单doge]
2021.12.21,1,[脸红]
2021.12.21,1,好怪哦[tv_白眼]怎么会关注到你的啊
2021.12.21,1,你康康我啊！[大哭]
2021.12.21,1,我蹲个厕所都有人来暗杀我？[热词系列_知识增加]
2021.12.21,1,我以为砍相机会绰[doge]
2021.12.21,1,那个电梯应该配，看什么看，不可以涩涩[doge]
2021.12.22,1,但凡太太配的奇怪点，那就是另一个故事[doge]
2021.12.22,1,小刀动作指导，七夜志贵
2021.12.22,1,[脸红]
2021.12.22,1,什么动漫？
2021.12.22,1,今天的内裤想要什么样的太太啊？
2021.12.22,1,片段出自哪啊
2021.12.21,1,这个是不是那个美人鱼短片那个作者？[tv_疑问][tv_疑问][tv_疑问]
2021.12.21,1,二仙桥声线是什么意思？来个太太踢我一jio[打call]
2021.12.21,1,别的大佬或许是配音，您这是切实经历吧。。
2021.12.22,1,"第一幕
爷：苏卡不列！！！"
2021.12.22,1,太太，我今天没穿[脸红]
2021.12.22,1,我的圣剑！
2021.12.22,1,看起来像是3渲2[支持]
2021.12.21,1,up好长阿[doge]
2021.12.21,1,"以前感觉痞老板是个神经病，竟然喜欢一台电脑，现在……
垂危病中惊坐起，老痞竟是我自己[藏狐]"
2021.12.21,1,大北路~哦依稀~[捂眼]
2021.12.22,1,所以这是什么作品
2021.12.22,1,双厨狂喜[星星眼]
2021.12.22,1,太棒啦！
2021.12.22,1,想知道这种动画是用什么制作的
2021.12.22,1,虽然但是，那个“卧槽”配的真的神仙，还有，黑色[傲娇]
2021.12.22,1,[笑哭]好中二
2021.12.22,1,"哎
不能多看
容易爱上声音"
2021.12.22,1,[脸红]
2021.12.21,1,只要太太回复我马上就三连[doge]
2021.12.21,1,咋瓦鲁多！
2021.12.21,1,还得是你[doge]
2021.12.21,1,这个原画的up主都是素材，希望太太多更
2021.12.22,1,[脸红]
2021.12.22,1,多来点这个系列真好看 直接关注了[OK]
2021.12.22,1,什么都没有那个卧槽好听[原神_欸嘿][原神_欸嘿][原神_欸嘿][原神_欸嘿]
2021.12.21,1,？？？？
2021.12.21,1,[脸红]
2021.12.21,1,什么动漫啊
2021.12.22,1,为啥不问我啊[大哭]
2021.12.21,1,路过
2021.12.22,1,woc
2021.12.22,1,我感觉你要是去给欧力给的视频配音肯定很好玩
2021.12.19,3,太太我来了，今天的颜色你猜不到[夏日狂欢_嚣张]
2021.12.19,4,太太啊，第一！
2021.12.22,1,这什么动漫啊
2021.12.20,1,啊啊啊啊~额滴社稷啊啊啊啊
2021.12.19,1,我是第四条狗
2021.12.19,1,这是什么动漫？还是什么游戏啊？
2021.12.22,1,太太不要越来越变态哦[害羞]太骚我不喜欢哦变态什么的最讨厌了哟不要仗着别人喜欢你就肆意妄为哦[阴险]
2021.12.19,1,在此别动，我先去浏览器找段骚话，没有回来就是误入歧途了
2021.12.19,1,好耶！
2021.12.19,1,？你不是在直播吗
2021.12.19,1,好耶[打call]
2021.12.19,1,[打call][打call][打call]
2021.12.19,1,为什么这么阳间
2021.12.19,1,哎嘿
2021.12.19,1,麻烦各位LS…不是，老实人，能不能按顺序说下大小，我听不出来
2021.12.19,1,(=・ω・=)
2021.12.19,1,你在看别的男人的内裤是吗？我的不可爱吗[脸红]
2021.12.19,1,第一第一！我永远喜欢太太！！[脸红][脸红]
2021.12.20,1,三连了，感觉有点惊艳，听上去好像突然配音水平进步了特别多，虽然我就是个臭看番的啥也不懂，总之就觉得配的更出色了
2021.12.20,1,把我的相机那段改成额滴圣剑将是绝杀[脸红]
2021.12.20,1,太太可千万不要太累了[脸红]赶紧喝口水去更新下一期吧[打call]
2021.12.20,1,啊，掉刀戳到我脑袋了！（对手：看看你守护了什么！[doge]）
2021.12.19,1,哈！
2021.12.19,1,来了
2021.12.20,1,开头结尾无缝衔接，单集循环直接无缝循环[脸红]
2021.12.20,1,怎么突然就流行起配安田现象老师的作品了……
2021.12.20,1,太太我稀饭你啊！！！[打call][打call][打call]
2021.12.20,1,【置顶】[脸红]第一次问大家要一键三连，可以吗？ 
2021.12.19,1,来了来了
2021.12.20,1,太太，我今天穿了开裆裤(
2021.12.19,1,沉浸感好棒！[热词系列_吹爆]
2021.12.19,2,最后有个正在加载[热词系列_知识增加]
2021.12.19,1,反正你要我就给，需求这种东西，可怠慢不得！！！
2021.12.19,1,我想听太太配bo良ki影[doge]
2021.12.19,1,球球太太给送毒鸡汤的配个音(1/+∞)
2021.12.19,1,为什么最后一帧是正在缓冲啊喂
2021.12.19,1,如果把太太娶了  让她天天叫我欧尼酱[滑稽]
2021.12.19,2,[热词系列_好耶]
2021.12.22,1,这是啥动画
2021.12.19,1,不是说好摄影师是无敌的吗！
2021.12.19,1,硬币给你了，赶快给我表演个：UP主觉得很赞    [滑稽]
2021.12.19,1,我今天吃太太内裤
2021.12.19,1,我这暴脾气，我直接当场对着屏幕吻起来[doge]
2021.12.19,1,原来爷是女的[doge]
2021.12.22,1,这是什么动漫
2021.12.19,1,"你那是喜欢吗
你那是饣"
2021.12.19,1,第三个是二仙桥声
2021.12.21,1,没配音的时候，我还以为，第一段我本来想说你不要过来呀！但发现拍视频的也是女生，所以就制止了这行为
2021.12.19,1,"太太！太太！太太！太太！太太！太太！太太！太太！太太！太太！太太！太太！
下次别被，，，"
2021.12.19,1,[脸红][脸红][脸红][脸红][脸红][脸红]
2021.12.19,1,你说有没有可能，这么多角色是一个人配的
2021.12.19,1,[星星眼][星星眼][星星眼]
2021.12.19,1,我摊牌了，今天我灰色[doge]
2021.12.19,1,专业哦
2021.12.19,1,太太太太，喜欢你就像拉稀，憋都憋不住
2021.12.19,1,wow是有感情的杀手哎
2021.12.19,1,别戳我眼睛，啊，淦
2021.12.19,1,What's up，梦幻联动！
2021.12.19,1,不懂就问，我想知道这种的动画短片都是哪里来的啊
2021.12.19,1,太太是不是进步了，感觉配的比以前更出色了[热词系列_知识增加][热词系列_吹爆]
2021.12.19,1,What's up，梦幻联动！
2021.12.19,1,不懂就问，我想知道这种的动画短片都是哪里来的啊
2021.12.19,1,太太是不是进步了，感觉配的比以前更出色了[热词系列_知识增加][热词系列_吹爆]
2021.12.19,1,新粉丝默默一下，太太今天穿的什么颜色[doge]
2021.12.19,1,妙啊[妙啊]
2021.12.19,1,啊哈哈！新视频来咯！[doge]
2021.12.19,1,卧槽虽迟但到[提摩西小队_喝水][提摩西小队_喝水]
2021.12.19,1,彳亍
2021.12.19,1,太太，今天我穿藏蓝色[吃瓜]
2021.12.19,1,我今天穿的铁裤衩[微笑]
2021.12.20,1,太太[翻白眼][翻白眼]太太[翻白眼][翻白眼]🤤🤤
2021.12.19,1,让我想想有什么骚话 嗯，我好骚哦[大笑]
2021.12.19,1,就记住了一句卧槽
2021.12.19,1,喜欢我双马尾吗ᥬ🌚᭄
2021.12.19,1,太太你还记得我吗？[脸红]
2021.12.19,1,《粉发现充C少女和白发无口A少女的橘色日常》[脱单doge]
2021.12.19,1,芜湖~
2021.12.19,1,emmmm，想不出骚话[傲娇][傲娇]
2021.12.19,1,一播放
2021.12.19,1,刚刚
2021.12.19,1,好喜欢太太说卧槽[脸红]
2021.12.19,1,好耶
2021.12.19,1,卧焯！
2021.12.19,1,[热词系列_好耶]
2021.12.21,0,Up有没有没听过ff14，是一个炒鸡冷门的rpg游戏，那里面主角全是哑巴，[大哭][大哭][大哭]想听主角开口
2021.12.22,0,脑袋上长摄像头的人终于开始被屠杀了！！喜大普奔！！
2021.12.23,0,多来点[OK]
2021.12.21,0,居然没有你他妈被我瓜
2021.12.20,0,这是什么动漫啊？
2021.12.20,0,太太是不是配过r18，感觉太熟练了吧[滑稽]
2021.12.19,0,配的很好 那请问是这什么番
2021.12.19,0,这个系列的是不是有一段跳楼的？
2021.12.19,0,今日份内裤，黑丝
2021.12.19,0,这是什么番呀
2021.12.19,1,今晚就这个声音，开导！[原神_嗯][原神_嗯]
2021.12.20,1,"嘿，很抱歉打断你🤚

耽误您20秒时间

如果可以的话

请你点进去看看这位父亲
@15花开      
关注一下河南南阳二中的校园恶劣事件
也许你的这一眼
就会让真相大白
拜托了（转）

注：朋友，我的本心只是想去让更多人知道，请各位不要误会这是道德绑架啊！"
2021.12.22,1,1：10「 あ↓、私のスマートフォンが!!」
2021.12.20,1,（￣▽￣）（￣▽￣）（￣▽￣）（￣▽￣）（￣▽￣）
2021.12.19,1,3分钟这么多人？
2021.12.19,100,才五分钟就有112个人评论，完了，抢不到热评论[大哭]
2021.12.21,1,🤤🤤🤤🤤🤤🤤🤤🤤🤤🤤🤤🤤🤤🤤🤤🤤🤤🤤🤤🤤🤤🤤🤤🤤🤤🤤🤤🤤🤤🤤🤤🤤🤤🤤🤤🤤🤤🤤🤤🤤🤤🤤🤤🤤🤤
2021.12.23,0,请问这个系列叫什么名字，作者是谁？
2021.12.23,0,这是游戏吗
2021.12.22,0,姥爷？姥爷个锤子，我直接举报这沙卵弹幕
2021.12.23,0,各位大佬，有不懂的问题该去哪里问？B站还是贴吧还是哪里？有很多疑惑，例如本子是怎么做的，哔咔是怎么来的？为什么网上没人讨论这些，都是发狗头，要讨论要私聊吗？
